request,AddToPlaylist
Add another song to the Cita RomГЎntica playlist. ,1
add clem burke in my playlist Pre-Party R&B Jams,1
Add Live from Aragon Ballroom to Trapeo,1
add Unite and Win to my night out,1
Add track to my Digster Future Hits,1
add the piano bar to my Cindy Wilson,1
Add Spanish Harlem Incident to cleaning the house,1
add The Greyest of Blue Skies in Indie EspaГ±ol my playlist,1
Add the name kids in the street to the plylist New Indie Mix,1
add album radar latino,1
Add Tranquility to the Latin Pop Rising playlist. ,1
Add d flame to the Dcode2016 playlist.,1
Add album to my fairy tales,1
I need another artist in the New Indie Mix playlist. ,1
Add to playlist i love my neo soul the name national treasure book of secrets,1
Add the fire and the wind to my Digster Future Hits playlist.,1
add Caleigh Peters to my women of country list,1
add children of telepathic experiences to the playlist named baladas romГЎnticas,1
add 9th Inning to my bossa nova dinner playlist,1
I need another tune in my legendary guitar solos playlist. ,1
Add Slimm Cutta Calhoun to my this is prince playlist. ,1
Add Always to dena's Baroque 50 Spotify Picks playlist. ,1
add song to Sleepytime,1
Add an album to my list La Mejor MГєsica Dance 2017,1
"add Hey, Johnnie Cope, Are Ye Waking Yet to year in metal 2016 playlist",1
Add the album to the psychedelic rock playlist ,1
Can you add Esquivando charcos to my playlist entitled the piano bar,1
Add wiktor coj to the Sleep playlist.,1
Incorporate time warp into my fairy tales playlist. ,1
add this MakSim tune to Trad Folk,1
add tune to my playlist eletro br,1
Add this tune to my Dinnertime Acoustics list,1
add monsters this is prince playlist,1
add a tune in Chill Vibes,1
Can you add a track to my Spain Top 50 playlist,1
put this album by Mike Tramp on Deathcore,1
Add ross the boss to laurie's listas de Г©xitos list,1
Add some Beatmaster V to the This Is Nicky Jam playlist. ,1
add paulinho da viola to my Radio Rock song list,1
add Eef Barzelay to my Country Coffeehouse,1
Add this artist to queen playlist,1
add Olga Souza to virginia's femme fatale playlist,1
Add an album by m g sreekumar to my laidback acoustic playlist.,1
Add this album to my spotify orchestra cello playlist,1
I want to put goldy mcjohn on my Rock Party playlist,1
Add this song to noreen's fresh finds six strings,1
A Shawnna to the Warm Hearts Feel Good playlist.,1
Add this tune to Rock Save The Queen,1
Add Firehouse to my acoustic soul list.,1
add this david cole track to my Totally Stress Free,1
Add Progress to my clГЎsica para todos playlist. ,1
Add the artist  tony thompson to my canta en la ducha playlist,1
Add the artist to my This Is Mozart playlist.,1
Add this track to downtempo beats,1
Add Quicksand to my valentine's day love playlist,1
Add feel the passion to my this is kudai playlist. ,1
add this song to my us latin top 50 playlist,1
Put this artist in Pachangueo Total,1
add vl mike to my Dcode2016 playlist,1
add how to my week end playlist,1
Add Norma Jean to my pure rock & roll playlist.,1
Add Kirk Hammett to Calm Down,1
Add On with the Show to my Beast Mode playlist,1
add kjetil vidar haraldstad to listas de Г©xitos,1
can you add xanadu to Latin Alternative Music,1
add this track to krystal's piano 100,1
Can you put this track onto the playlist the selektor?,1
my jazz for loving couples needs more push the button,1
add the album the martin garrix show to my playlist,1
add gina schock to workout twerkout,1
Add this tune to cristina's endorphin rush playlist,1
add this tune to my It's a Southern Thing playlist,1
add Ik Tara to laundry playlst,1
Add this tune to This Is Nicky Jam,1
Can you add something by the artist Paul Cargnello to my Chill Tracks playlist,1
add Runaljod gap var Ginnunga to ashlee's playlist titled forever country,1
Put The Orange and the Green on Los 40 Radio Г‰xitos,1
Add an album by Liza Oumarova to the Steampunk playlist.,1
Please add a song to ines's playlist called Metal Party,1
For playlist todo latino add Absolutely Sweet Marie,1
add gn to night vibes,1
Can you add Blood On The Face to the playlist called Heartland Country,1
The spring classical playlist needs Partners in Crime added to it. ,1
add the artist Tomohisa Yamashita to the conexiones playlist,1
Add Written in Red to my cleaning the house playlist. ,1
Add cordell mosson to my i love my neo soul list,1
add album to Feeling Blue,1
I want to put another album into the a peaceful rush hour playlist. ,1
Open my acoustic concentration playlist and play an entire album,1
add sonntag to my Assassin's Creed,1
I want more francis healy in the Rockin' Vibes playlist. ,1
add gareth gates to my autumn playlist,1
add tune to sxsw fresh playlist,1
add track to todo latino,1
Add to my verano list a song by andy lee,1
Add song to my Club Hits,1
add this tune to my playlist titled uncharted 4 nathan drake,1
Add 100% te ljubam to the Hit Remix playlist,1
Put this album on totally alternative,1
put this album into becky's infinite indie folk playlist,1
Add Yuna Ito to the hot rods & horror shows playlist. ,1
add the artist Ruby to my digging now list,1
add this tune to my It's a Southern Thing playlist,1
Add the album to the top 100 country tracks on spotify playlist.,1
Add this track to the classical music for smart kids playlist,1
Add an album to corinne's Beast Mode playlist.,1
Include the album by Arthur Rhames in Urban Poet,1
I need to add to the all things post starting with my favorites from the silence,1
add Nothing Fancy to Meditate to Sounds of Nature playlist,1
Add CJ Snare to my indie mim playlist,1
Add Ernie Hawkins to the Dubstep playlist. ,1
Please put this song onto my Urban Hits playlist.,1
add The Spine Surfs Alone to my playlist called The Funny Thing About Football Is,1
Add Ajoy Chakrabarty to women of country playlist,1
add this song to brooklyn beat,1
Can you add some disco to my playlist called Genuine R&B,1
add Anthony Hamilton to my list Women of Hip Hop,1
Add As I Was Going to St Ives to the fantasГ­a playlist. ,1
put paula abdul on Musica EspaГ±ola 2017,1
Add the entity Por una cabeza to my playlist Forever Alone,1
Add track to Afternoon Train Ride,1
Add silver apples to teh sin estrГ©s playlist.,1
Please add this song to my llegando a casa palylist,1
Add the song to the martin garrix show  playlist,1
Add more David Wolfenberger to my Duetos playlist. ,1
I want to add Club Mix to the playlist with the title 50 ClГЎsicos,1
add Eric Bibb to Country Coffeehouse,1
Add gregg bissonette to my US Latin Top 50 playlist,1
add track 70s smash hits to my,1
add this album to my Blues playlist,1
I want this song on the playlist called chill vibes,1
Add this adam clayton tune to sxsw fresh playlist,1
add this teddy charles album to this is pavarotti my playlist ,1
Can you add confessions to my playlist called ClГЎsica,1
Please add tobymac's song onto the indiespensables playlist.,1
add an album to playlist Emily Dickinson,1
Add Buddy DeSylva to my this is j balvin playlist,1
ad Czarna dziewczyna to instrumental madness playlist,1
I want to add this song to my Infantil playlist,1
add vera to my 80's Jam Session playlist,1
add A Compilation of Warped Music II to workout twerkout playlist,1
Add a track to my list Made in Puerto Rico,1
add this track to my epic wall of sound playlist,1
add Michael LePond to electronic bliss,1
Add angela au to the playlist radar latino,1
add artist abdel halim hafez to my conexiones playlist,1
Add track  to this is puccini,1
I need to add a song to my lo que suena new york playlist.,1
Add this artist to this is Rosana,1
add Joelia Savitsjeva in 88 keys,1
add alain caron to my travelling playlist,1
Add the r l burnside album to my Nothing But A Party R&B playlist,1
add Steve Jordan to inez's tgif,1
Add to my playlist all funked up this track,1
add satisfied to my Rockin' Vibes playlist,1
add this artist named Prince to the playlist all new all now,1
add billy strayhorn to my highway 61 playlist,1
Add ramble on to Halloween Teens,1
add this song to Rock Party,1
I want to add lady maisry to my playlist lo que suena new york,1
I want to add an album to noreen's endorphin rush playlist. ,1
Add Famous to my playlist lo que suena new york,1
Add shawn camp to my soulful disco playlist. ,1
add bonobo to queen playlis,1
add hold my liquor to electroNOW,1
Add Tobias Sammet to my bring back the 90s list,1
Add Jack Be Nimble to my reggae bombastic list,1
add jan smit in endorphin rush,1
add Rupee to my Ultra Metal playlist,1
Please add Liberty Forever to the road trip playlist.,1
Add gene clark to diann's chill out list,1
Put another track in my electronica & dance playlist. ,1
add the tune to the Indie Workout playlist,1
Add david henry hwang to the This Is Nicky Jam playlist.,1
add this Jane Olivor track to my The Sleep Machine Waterscapes,1
I would like this artist on drum & breaks.,1
Include dschiwan gasparjan in beth's rare groove playlist. ,1
I'd like to add the artist Jesper Kyd onto my fresh electronic playlist.,1
add Joplin in Concert to my feel good dinner,1
add Harry J to my dubstep dangles dirty,1
add Partners in Crime to joann's Lo Que Suena Los Angeles,1
add this song onto hip hop gaming playlist,1
Add this artist to my This Is Philip Glass playlist,1
I want to put look to you on the playlist named 80s Classic Hits,1
add No Secrets to power gaming playlist,1
Add track to Hit Remix,1
add ali lohan songs in Club Hits,1
Add this tune to retrowave outrun,1
Add a track from The Edge to my funk soul disco playlist,1
add hold tight to my throwback party,1
put Do You Love Me on my acoustic soul playlist,1
Add the name The 3rd World to the playlist Rock Me UP,1
Add this tune to my playlist named Women of Fresh Finds,1
add tune to atmospheric black metal playlist,1
Add sammy hagar to Ultra Metal,1
Add 2120 south michigan avenue to my laundry playlist,1
Add Turk to the deep house playlist,1
Add the name Not Fade Away to the playlist the midnight hour,1
add the artist to the 90's Baby Makers playlist,1
Add parempi mies to the CafГ© con Leche playlist. ,1
Place this tune onto my dinner for 2 playlist.,1
Add Exit to i love my 80's rollerdisco list,1
add darkest angels to my SOS 48 2016,1
Please put another tune into the laundry playlist. ,1
add global underground 006 sydney to my Best Metal of the New Millennium,1
Add BSlade to women of k-pop playlist,1
Add a bill deasy track to the conexiones playlist. ,1
Add J J Cale to my heavy gamer playlist. ,1
add album to metal overload playlist,1
Add the Keep Your Receipt EP to my Digster Reggae playlist.,1
add country nights by A Journal of the Plague Year to playlist,1
add ian gillan to my Rock Party,1
Add Paul Young to my Retrovisor,1
Add nana tanimura  to a sudden rainstorm,1
add Viktor Tsoi to my sweet soul chillout playlist,1
I want glam added to the ntc gym strong playlist,1
add this Ricardo Villalobos track to under the surface,1
I want to add a song by w c clark to my nerding around playlist,1
Add connee boswell to the relaxing playlist.,1
Add Nicole Mitchell to my Soul Revived list,1
add artist to lo mejor de los 00's,1
this track should go on my evening chill playlist,1
Add Claudine Longet to my Ultimate 00s palylist,1
add a mina caputo album to my after hours party ,1
Put frank portman in my playlist GOOD Music,1
Put this track from The Edge on my funk soul disco playlist,1
Add a Jang Nara track to the hip hop gaming playlist. ,1
add kurious jorge to my synth pop,1
add songs in 90's hip hop of artist,1
Add Step to Me to the 50 ClГЎsicos playlist.,1
Add this track to the Sunshine Reggae playlist,1
put this whole album on the playlist called old school metal,1
Add De Principii Evangelikum to my Domingo Indie palylist,1
add back at the velvet lounge to my cleaning playlist,1
add Hemanta Kumar Mukhopadhyay album in Funky Jams,1
add track to kickass metal,1
Add song to my Pop Brasil,1
Please add Ruud Jolie to my playlist Guest List Polygon,1
Put this agent m tune onto de cantautor espaГ±ol.,1
add this tune by Kurt James to the playlist latin pop classics,1
Include When I Paint My Masterpiece in my Acoustic Spring playlist. ,1
add ths album to my Pachangueo Total,1
add repent replenish repeat to Classical Moments in Movies ,1
Add this song to this is no te va gustar playlist,1
add 157 Riverside Avenue to leticia's animal humor playlist,1
add tune to Composer Weekly Pauline Oliveros playlist,1
Add Stuck on Nothing to my Sax and the City playlist,1
add armistead burwell smith iv to Blues Masters,1
add an album in my playlist In The Name Of Blues,1
put United Abominations onto my rare groove playlist,1
Add LaGaylia Frazier to my emotron,1
I want to add a song by w c clark to my nerding around playlist,1
add a shot at glory  to calm before the storm,1
add this artist to the playlist called Fusion Fest,1
add song to my mellow beats list,1
Add Don and Sherri to the electrosafari playlist.,1
Can you put a song by jessica mauboy on my playlist entitled a sudden rainstorm,1
add M-CABI to the playlist named Pre-Party R&B Jams,1
Add a song to in residence metal hammer episode 6,1
Add The Stars and Stripes Forever to the soulful disco playlist.,1
Add beijing huanying ni to my workday lounge playlist,1
I want to add a track to my Evening Groove playlist,1
add How to sos 48 2016 playlist,1
Can you put dj kay slay onto the 2010 Decade playlist?,1
Add Fabri Fibra to evening acoustic,1
add this tune to Escapada,1
Add the unraveling to marina's playlist It's a Southern Thing,1
put this artist into my found them first playlist please,1
add Stephen McNally to Confidence Boost,1
add Paul Franklin to my The Bachelor Party,1
Add a track to the Another Glass playlist.,1
Please add a track by david freiberg to my workout playlist. ,1
Add this artist to my feel good dinner playlist,1
add vintage 74 to my mother's  Primavera Sound 2016 Barcelona playlist,1
Add an album by cowboy troy to my piano in the background playlist.,1
Add Hatfield and the North to my Hot House playlist. ,1
Add tour generaciГіn rbd en vivo to the roadrunner rec new releases playlist. ,1
I want global top 50 to have marit bergman added to it.,1
Add The Block Brochure Welcome to the Soil 6 onto my CafГ© con Leche list,1
add paul wright album to 90s Smash Hits playlist,1
Add an artist to my playlist This Is Verdi,1
Add a tune to the this is animal collective playlist.,1
Add this marilyn manson tune to Latin Party Anthems,1
Add Dickey Betts to my throwback thursday playlist. ,1
add the album by Cham to my Cloud Rap playlist,1
Add Atticus Ross to the electrosafari playlist,1
add this artist to Spain Top 50,1
Put Lindsey Cardinale into my hillary clinton's women's history month playlist. ,1
Add A Gate Through Bloodstained Mirrors to feelin' good playlist,1
Put some frank ferrer into my edna st vincent millay playlist. ,1
Add Madman to Trap Land playlist,1
add chas chandler to my Aux Cord Privileges,1
put Kan Mikami on Pre-Party R&B Jams,1
add let the season in  to my  lo-fi love,1
Add this track to the 70s smash hits playlist,1
put any Andrew Hurley album onto timeless love songs,1
add Be Yourself Tonight to I Love My 90s Hip Hop,1
add track to my Las Canciones MГЎs Lindas Del Mundo playlist,1
add this Roy Orbison song onto Women of Comedy,1
Add artist to laundry,1
Add A Bum Note and a Bead of Sweat to my Stress Relief playlist,1
Add sara hickman to my Targeted list,1
Add Jonathan Arons to my Indie Electronics playlist,1
add track to my Cloud Rap,1
add this song to my playlist under Funky Jams,1
Add Mary Wells Sings My Guy to the electro sur playlist.,1
add tune to Soft Rock playlist,1
add d-day dodgers to my running power playlist,1
I want a song by john schlitt in the bajo las estrellas playlist. ,1
Add vikku vinayakram to my This Is Nicky Jam,1
add Bossa Nova Soul Samba to my jukebox boogie rhythm & blues playlist,1
Add brad kane to the Pumping Iron soundtrack.,1
Please add this song to indiespain list,1
Add od mene se odvikavaj to my laundry,1
add this artist to Dubstep,1
Add the tune to Your Favorite Slaughterhouse playlist.,1
Add song to Siesta,1
Put Lullaby of Birdland onto fusion fest.,1
put Sarah Blasko onto my The MetalSucks Playlist ,1
I want another track added to the Korean OSTs playlist. ,1
Add Cream to the funk playlist.,1
Add Take Me Back to Dear Old Blighty to my dinner playlist,1
add this tune to the Deep Dark Indie Folk playlist,1
add this gisela song to my dancehall official,1
Add histoire de melody nelson to my 90's Baby Makers playlist,1
add this tune to my road trip playlist,1
Add tune to infinite indie folk,1
add album to Ultra Metal,1
I'd like to add this album to funtime.,1
add tune to punk espaГ±ol,1
I want to add In the Mood to my playlist called My Folksy Love,1
Put this Jerry Dixon song onto my Tokyo Rising playlist.,1
add grim skunk to Duetos,1
"Add jennie, jennie to my metal playlist",1
add DГ­as Felices to my todo reggaeton playlist,1
Add Candlelight to my House Afterwork playlist.,1
Add Us Placers to my new boots,1
add this track by clem burke to my atmospheric black metal playlist,1
add Mayya to the de manhattan con amor playlist,1
Add the Nastya Kamenskih song to my The Martin Garrix Show playlist.,1
Add artist to playlist Epic Gaming,1
Add robin s to sxsw latin,1
Put this tune onto the signed xoxo playlist.,1
add olympia 1959 to from the delta to chicago,1
The enamorГЎndose playlist needs another album. ,1
add song to Rocksteady playlist,1
"add Funtwo to disco fever track
",1
I'd like to add this album to my Siesta playlist,1
Add Kevin Cadogan to the 80s Classic Hits list,1
add the artist to my Spooning playlist,1
Add this Alan Wilson track to my This Is Luis Fonsi playlist,1
For my playlist Wild Country add a great day for freedom,1
Add ricky nelson to my Classical X playist,1
add track to my playlist a sudden rainstorm,1
add ronnie james dio tune to Women of Electronic selection,1
Add to isabella's Club Hits this song,1
include pat smear on Guest List Engadget,1
Put a track by Ricky Martin into my 70s smash hits playlist.,1
Add this track to my This Is Thomas Rhett playlist,1
Add I Hate Myself and I Want to Die  to my Six string peacefulness,1
Add Yuna Ito to my Cena Elegante playlist,1
Please add Jency Anthony to my playlist This Is Mozart,1
put jtr on the Top Classical playlist,1
The Get Going playlist needs another song.,1
add munia the tale to my playlist called Adrenaline Workout,1
Put Molly and Tenbrooks in the French N' Heavy playlist. ,1
Add an album by twink to my Classic Country playlist,1
Add The Blurred Crusade to crate diggers anonymous,1
add robyn hitchcock to my romantic evening playlist,1
"Add the Beatles tune Yesterday to my playlist, The Southern Highway Chronicles",1
add enduser song in grime instrumentals,1
add Koichi Sugiyama to WHM,1
put Sungmin into my summer playlist,1
add little musgrave and the lady barnard to ora's Punk Rock Workout playlist,1
I'd like to add this tune to my spotify orchestra cello playlist,1
add this Michael V track to my Folk & Americana,1
Add riddim driven engine 54 & humanity letha's All Things Post,1
add Nana Kitade to my modern psychedelia playlist,1
Add the artist to the Latin Jazz playlist.,1
Put ares in my canadian country playlist,1
"Add another tune to my songs for you, not your parents playlist. ",1
Add Atticus Ross to the playlist electrosafari,1
add tune to my Hype playlist,1
add NIB to fay's brooklyn beat playlist,1
"Add a tune to patrica's playlist, The Rhythm",1
insert Rock Me UP song to my list,1
Add some martine mccutcheon to my original columbia jazzmasters list,1
Add autry inman to my Hanging Out and Relaxing playlist.,1
Add the name the Song about the Towel to playlist piano in the background,1
add rock & roll to my playlist named night out,1
Add tara blaise to my power gaming playlist,1
put this song on the Chips and Salsa playlist,1
add to my mac 'n cheese playlist with TsЕ«zetsu,1
add country favorites willie nelson style to my playlist titled Spinnin' Records Top 100,1
I want Harris to be added to my latin dance cardio playlist,1
I would like to add something by Kuk Harrell to my Hip Hop 2017 New School playlist,1
shawn lane should be moved to my Cena con Amigos playlist,1
add dave carpenter to my Acoustic Blues playlist,1
add this track to the playlist named cali fire,1
Put the artist Pat Monahan onto the emily dickinson playlist.,1
Add splendido hotel to my verano forever,1
Add this song to my novedades viernes sudamГ©rica playlist,1
Add a song by Szahram Nazeri to my playlist called this is jennifer lopez ,1
add this track to New Hip Hop,1
add this is status quo to teddy riley,1
add the outlaw blues to the playlist with the title top 100 country tracks on spotify,1
add Bring Back My Daddy to Me to my playlist named Might and Myth Power Metal,1
Add Shangri-La to the African Heat playlist.,1
add Embryo to lessie's hands up,1
Add best of uetoaya to Wild Country,1
I want to add Kool Keith to my chill out dinner playlist,1
Add david axelrod to my Futuros Hits list,1
add artist to my endorphin rush playlist,1
add current album to my pop gaming playlist,1
I want If I Could Be with You added to mellow dinner,1
add spanish castle magic to Daily Lift,1
add little walter to Women of Comedy playlist,1
Put a Bunky Green tune into the Phunkadelic playlist. ,1
Put this tune on dancePOP,1
add this karina album to my Folk Pop playlist,1
Add a tune by Louis Wolfe Gilbert to my cleaning playlist,1
Please add a tune by kaori utatsuki to my Korean OSTs playlist,1
Add Om to my Classic Punk,1
Add this jimmy london tune to The New Waltz playlist,1
Add song to orgГЎnica,1
Add bill evans to the Motivation Mix playlist.,1
Add Ray Noble to my Chill Vibes playlist.,1
add this track to latin jazz,1
add this artist to cynthia's fresh finds,1
Add giancarlo erra to my Guitar Hero Live Playlist,1
Add this tune to my wine & dine playlist,1
Add this tune to my rage radio playlist,1
add bad news to highway 61 playlist,1
put this tune on my playlist technical&brutal death metal ,1
Add the singer Barbara to my COUNTRY RADIO playlists,1
add Tatico Henriquez in my playlist called bleeps & bloops,1
add warpaint in my Pre-Party list,1
put this artist on Domingo Indie,1
add ian north to my Autumn Lounge playlist,1
Add this tune to the Leche con Chocolate playlist,1
Add to the Rock Games,1
I want to add something by the artist Nadine to my Workday вЂ“ Pop playlist,1
Add radhae unakku kobam aagathadi to my Women of Metal playlist,1
add album to my classical essentials playlist,1
Add TEENAGER to the queen playlist,1
please put this artist on my indie mim playlist,1
add artist steve cropper to Rhythm and Blues,1
add Dean Martin track to metal xplorer playlist,1
put this song in the playlist Trap Land,1
add 3 Natsu Natsu Mini Berryz to my rock classics playlist,1
Add nyoil to my this is prince playlist,1
Add this tune to my list jazz vibes,1
Add sp balasubrahmanyam to my rockabilly mania playlist.,1
add this album to my All Out 70s playlist,1
add bob klose to la mejor mГєsica para tus fiestas ,1
add song to Zen Focus playlist,1
add this tune by hart wand on this is wagner,1
Add the da brat track to the Soak Up The Sun playlist.,1
add Roger Nichols to Punk Rock Workout,1
Include Laarni Lozada on endorphin rush playlist,1
add francesco de gregori to gayle's Women who Dj playlist,1
Add Sarah Vaughan to the spa treatment playlist.,1
Add Third Stone from the Sun to the ConcentraciГіn playlist. ,1
add the artist cho kyu hyun to Funky Jams,1
"I want to add Aprite le finestre to my playlist entitled This Is Earth, Wind & Fire",1
Add alexia to women of classical,1
put this track by Tony Bevilacqua into joan's playlist with the title women of folk & americana,1
add this album to my Throwback Party playlist,1
Add nina hagen to essential folk,1
please add Secrets of the Alibi to the playlist called keep calm,1
add Karin Dreijer Andersson in Escapada album,1
Add this ruth crawford seeger song to my playlist called The Soundtrack 007,1
Add jenifer to Rock the 2000's,1
Add josephine wiggs to my kickass metal playlist. ,1
Add the big mama thornton song to cassie's Punk Rock Workout playlist,1
add artist to acoustic soul,1
Add name house of gold to the de manhattan con amor playlist,1
add the song to my We Everywhere  playlist,1
Can you add this tune to the night out playlist?,1
Add album to my party with friends,1
add i roy to my this is Rosana playlist,1
Add Transmission to my found them first,1
The Songs to Sing in the Car playlist needs k j yesudas discography in it. ,1
add slave to the rhythm to the playlist Massive Soca Hits,1
add Intelligence and Sacrifice to Skatepark Punks,1
For my playlist it's ok to like jazz add this tune,1
Add Chamberlain Waits to my picnic in the park,1
Can you please put this track onto my TODO NOVEDADES playlist?,1
add Totally Stress Free by bobby lord to my playlist,1
Add shame on you to my masters of metal playlist,1
Add Cake to Bake to lo que suena new york,1
add this song to the Novedades Pop playlist,1
Add something by Arnett Cobb to my La Mejor MГєsica para tus Fiestas playlist,1
add young maylay to Club Hits,1
Put this artist on my Folk for Kids playlist,1
put this track on my infinite indie folk playlist,1
Add this track to Duetos,1
Add the album to rosanna's ejercicio playlist.,1
I want to add another album to the wine & dine playlist. ,1
add artist to Novedades Pop,1
"add Please, Please, Please, Let Me Get What I Want to my crate diggers anonymous",1
Go to cali fire and add refrain to my playlist,1
Add Bashful Brother Oswald to Love Moments,1
add a tune in women of classical,1
add pangaea to my Gold Edition playlist,1
add this track to anne's playlist named Just Smile,1
I'd like a new england added to Classical Moments in Movies.,1
add this artist to the This Is Dirty Projectors playlist,1
I want to add Robin Hood and Queen Katherine to my playlist entitled Genuine R&B,1
ad i should have known better to this is bb king,1
Add i dreamt of a dragon to my Futuros Hits playlist. ,1
"add Hello Central, Give Me Heaven to Indie Pop",1
Add twin peaks fire walk with me to the night out playlist,1
Add another artist to my soul bpm playlist,1
Add El Noi de la Mare to The New Waltz playlist,1
add Matthew Helders artist in Showstopper Being Mary Jane,1
Add Leah Kauffman to my uncharted 4 nathan drake playlist,1
Add house of pain to my 90s Indie playlist,1
Add Sweet Black Angel to my Diarios de Bicicleta playlist,1
add tune to my playlist ironing,1
Add out of the air to my a mis niГ±os de 30 playlist,1
Add this artist to sleep tight,1
Can you add something by Snow onto my Zen Focus playlist,1
Add Justin McRoberts to this is chopin,1
Can I put johnny burke onto my lo que suena los angeles playlist?,1
Add the 3rd world to my focus now,1
add eric moo to women of jazz,1
Add a track to Fusion Fest,1
add this extended play to Women's Lit playlist,1
please add this album to the playlist titled Hip Hop 2017 New School,1
add a track in Nike Running Tempo Mix,1
put this song by rayvon on my all out 80s playlist,1
Add album to my grandes unplugged,1
Can you put a song by Rick Astley on my hot 50 playlist ,1
put Ron Grainer on my disco fever playlist,1
Add afdlin shauki to La Mejor MГєsica Dance 2017,1
Add song to my underground hits,1
Add Roots of the Outsiders to Blues Roots,1
put Bring Me Down onto my tokyo rising playlist,1
Add Kevin Ridel to instrumental madness,1
On lea's saturday night playlist add the name D Generation,1
Add artist Leonard Cohen to my indie brazuca,1
Add a norma jean tune to the Soul Revived playlist. ,1
add this song to wedding classics playlist,1
Add this song to my roadrunner rec new releases list.,1
Can you add something from Method Man to my this is mozart playlist ,1
put Pause on my DГ­as de FrГ­o playlist,1
add the current artist to my top 100 pop tracks on spotify playlist,1
Add jack scott to my fantasГ­a playlist,1
please put Book of Love on my NTC High Intensity Training Tracks playlist,1
Add a billy strayhorn song to my the selektor playlist,1
add tune to my relax & unwind playlist,1
Add Stephanie Biddle to my Digster Reggae playlist,1
add song by ian mcdonald to an instrumental sunday ,1
put this track on soul bpm my playlist,1
Add another MC chris track to my Blues Roots playlist. ,1
"add people take pictures of each other to Rhythm and Blues playlist
",1
add the song don't drink the water to my playlist,1
add git to Domingo Indie,1
Add kaya newest track to my I Love My '00's R&B playlist,1
find lesley's epic classical playlist and add this tune,1
Please add the song by Sunil Santha to my Pre-Party R&B Jams list,1
"add this is AndrГ©s Calamaro by Milk
",1
Add Come on Feel the Lemonheads to my salsa classics playlist.,1
this track should go into my playlist called This Is Beethoven,1
Add live around the world to crossroad blues,1
put a xiang xiang track onto women of the blues,1
Can you add a tune by natalie macmaster to my viajes playlist,1
"add kansas city, missouri to Stress Relief",1
add farruko presenta los menores to my amor amor playlist,1
Add Jarvis Cocker to my Chillin' on a Dirt Road playlist,1
Add artist to ina's 2010s smash hits,1
Add another song to the acoustic soul playlist ,1
put donnie g don gorilla on my classical romance playlist,1
I'd like for you to put this artist to my Evening Commute playlist.,1
Add don sebesky song to The Refugee Playlist,1
Add tune to Reggae Infusions,1
my indietronic playlist needs until the end of time added,1
add the current tune to my Rock Gaming playlist,1
add LISA to my playlist Street Dance,1
add album to mellow bars,1
Add an album to my list clГЎsicos de fogata,1
The feel good indie rock playlist needs another song ,1
Add Barry McGuire to my playlist called have a laugh.,1
"add tune Papa Bue to 
Г©xitos espaГ±a playlist",1
add the track by apostolos nikolaidis to the This Is Luis Fonsi playlist,1
Can you add don moye to my Pop playlist?,1
please put this artist into my Lo mejor de Radio 3 playlist,1
I want to put Land of the Dead into my Big Daddy's Booze & Blues playlist. ,1
add zombieland to NoctГЎmbulo playlist,1
Add Warm and Beautiful to the ironing playlist. ,1
Add this track to my lo que suena new york playlist,1
put track on my synth pop list,1
add kasey chambers to my political punks playlist,1
Add a track to the El Mejor Pop en EspaГ±ol playlist.,1
please put this track onto letha's signed xoxo playlist,1
Add this album to my US Latin Top 50 palylist,1
Add shake your rump to  my concentraciГіn indie rock playlist,1
add arthur lee to my jazz vibes playlist,1
Add Priscilla to my playlist Classical Dance Music Ballet & Beyond,1
add Ghost on the Dance Floor to my Autumn Lounge playlist,1
Add jonny buckland to my playlist weekly buzz,1
Include stefanie in Pre-Party R&B Jams,1
I want my Reggae Infusions playlist to have Plaid Retina on it.,1
Add artist to playlist Classic Punk,1
Add this album to holly's bandas sonoras playlist,1
The Hot House playlist needs another album,1
add song by emmy rossum to Hit Rewind,1
Add this tune to the Spinnin' Records Top 100 list,1
add this track to the playlist hits of the 70s,1
add album to my Deathcore playlist,1
Put Targeted in my Clapton Chronicles The Best of Eric Clapton playlist. ,1
add this song to my Classical Dance Music Ballet & Beyond list,1
Add another song to daphne's retrowave outrun playlist. ,1
Add When You Come Back to the jazz for loving couples playlist. ,1
Add a track to summer of love,1
put frank farian on my Deep Dark Indie Folk playlist,1
add josefina pla to isabelle's Guest List GamesRadar playlist,1
add IвЂ™m Only a Man to my flow espaГ±ol,1
Add an album by Jenifer to my travelling playlist,1
add Heat of the Night to my Novedades Viernes SudamГ©rica playlist,1
add artist to my Phunkadelic playlist,1
Play Elizeth Cardoso to my Nothing But A Party R&B playlist,1
"put this song in my funk playlist, please",1
"add Aprite le finestre to my This Is Earth, Wind & Fire playlist",1
Put the joy division the complete bbc recordings on 40 hits,1
Please put maimi yajima's song onto OperaciГіn Bikini.,1
Can you add a eviatar banai album to my tgif playlist,1
add the ragged curtain onto the playlist called party through the decades,1
Add Joey Fatone to my Spotlight on Country 2016 playlist,1
Add the tune to bandas sonoras,1
Add First Issue to my your favorite slaughterhouse playlist,1
Add natasha to my All Things Post playlist,1
Add another album to my this is pavarotti playlist. ,1
add erik santos in my playlist Metal Xplorer,1
add artist to my Trance Life group,1
Add the name as with gladness men of old to my ultimate 90s playlist,1
Add what child is this to Dark Dance Floors,1
Put jiro in my clГЎsicos del hip hop espaГ±ol playlist. ,1
add this tune to my fresh finds hiptronix playlist ,1
"add already over, pt 2 to Hip Hop 2017 New School",1
add song by charlie hunter to Rumba y mГЎs,1
I need another artist in the romГЎntica playlist. ,1
add Jacob Hoggard to my get going playlist,1
Put Jazzy B on Lazy Chill Afternoon playlist,1
The dubstep dangles dirty playlist needs Digital at Montreux in it,1
Add a tune to clГЎsicos del hip hop espaГ±ol,1
add dark days in paradise to my gym playlist,1
Put this album on my wine & dine playlist,1
add tune to NUSIC,1
add iemand als jij to my playlist named In The Name Of Blues,1
add this album by richard hell to arlene's playlist named miami 2017 guest list,1
add this track to my Comedy New Releases,1
Can 50 minute technicolor dream be added to meredith's Cierra La Puerta playlist?,1
add this artist to my Jazz playlist,1
Add New Wave Blues to my Push Button Funk playlist,1
Put Mike McCready in the kitchen swagger playlist. ,1
Add a song from Randy Rhoads to my 50 ClГЎsicos playlist,1
add i pledge allegiance to the grind to my SinfonГ­a Hipster playlist,1
Add Ultimatum to my crash course playlist,1
Add another track to my Women of Latin Music playlist ,1
Add an andy hurley album to my transatlantic lullaby list,1
add this artist to my playlist named funtime,1
Add this song to my list called The Birth of Cool,1
Add this Nozomi Tsuji tune to my Hot House playlist,1
add alexandra govere to my anochecer urbano playlist,1
Add a track to my hands up playlist.,1
Add Metal Gear Solid 2 Sons of Liberty Soundtrack 2 The Other Side to edna st vincent millay,1
Add another album to my keep calm playlist. ,1
Include Brandon Paris in The MetalSucks Playlist,1
Add artist to showstopper being mary jane,1
add apathy to my electro sur playlist,1
Add ChГ©r to the Still Got the Blues playlist,1
Add this track to my Rock Hard playlist,1
Can you put tire me onto my new music friday latin playlist?,1
Add a gackt camui track to the White Noise playlist. ,1
I want to add un jour dans notre vie to my list running to rock 170 to 190 bpm,1
Put Al Jarreau on the ConcentraciГіn playlist,1
Add song to my pure rock & roll,1
add track to Punk Essentials,1
add the man who never lied to my current comedy top tracks,1
Can you add some morton feldman piano and string quartet to my global funk playlist,1
"Add Perfect Sense, Part I to my women of classical list",1
add song to marta's endorphin rush playlist,1
Add to my Rumba y mГЎs playlist the song by haley scarnato,1
Add louis nelson delisle to the pulse of americana,1
Add janie jones to my Indie Pop,1
Play Rock This playlist with Badonviller Marsch,1
ad this track by Isobel Campbell to my Folk for Kids list,1
Add this tune to my post metal playlist,1
Add garry shider album to my classical essentials,1
Add shi xin hui to my piano chill playlist.,1
add Fabri Fibra to The Birth of Cool,1
add Gary Lachman track to jazz for loving couples playlist,1
I want another artist on my atmospheric black metal playlist,1
add this track to Punk Rock Workout,1
Add beijing huanying ni to my workday lounge playlist,1
add dj clay to my canciones del recuerdo,1
I want to add Kiara to my Digster Future Hits playlist,1
Add the tune by Cassie Ventura to my genre bender playlist,1
Put hampartsoum limondjian in running to rock 170 to 190 bpm,1
Put King of America onto the playlist with the title a sudden rainstorm,1
add back porch spirituals to my Hit Remix playlist,1
"add Tinker, Tailor to my playlist titled this is trey songz",1
Put sleeping with ghosts into my 90s Indie playlist. ,1
add this album to my party with friends,1
"Add crying, waiting, hoping to my weekly buzz playlist. ",1
Add tune to my hot 50,1
add jason webley to Classical Intimate Dinner playlist,1
Add track to my Peaceful Piano,1
Add the current tune to my Evening Groove list,1
Add this John Tesh tune to the friendesemana playlist,1
Add an album to Women of Hip Hop,1
Add The вЂњChirpingвЂќ Crickets to my Mellowed Out Gaming playlist,1
Put an album by Mohammad Reza Shadjarian in my Chillin' on a Dirt Road playlist.,1
Add tunnel rats to my Rhythm and Blues playlist,1
Add song to top 100 country tracks on spotify ,1
Add a Mary Fahl tune to the Pre-Party R&B Jams playlist. ,1
please put this tune on the irish folk вЂ“ jigs & reels playlist,1
put Sonntagskind onto the playlist called soulful disco,1
"Add Nazad, nazad, Kalino mome to Escapada",1
add my hands to travelling playlist,1
add back on the dancefloor to my bajo las estrellas playlist,1
Add Munawar Ali Khan to my mujeres y hombres y fiesta,1
add maggie mcgill to my night vibes,1
add the artist to my emotron playlist,1
Add suffer little children to this is racionais mc's playlist ,1
Add Jermaine Fagan to spring music,1
Include golden boy in Pop Dance,1
put this dave abbruzzese tune on Family Road Trip,1
Add knocked out loaded to the spring vibes playlist. ,1
Add even serpents shine to dorothea's indie hipster playlist,1
add madlib invazion to my prog rock monsters list,1
Add Bone Crusher to the chill out playlist,1
Add this artist to my Post-grunge playlist,1
Add Geschwisterliebe to my string theory playlist. ,1
Add iene miene mutte to Women of R&B playlist,1
"Add this track by Del tha Funkee Homosapien to the playlist songs for you, not your parents",1
I want this tune on my Most Necessary playlist,1
Incorporate Ayumi Hamasaki Arena Tour 2009 A Next Level into my MГєsica Libre playlist. ,1
Add d roc the executioner to my This Is ZezГ© Di Camargo & Luciano playlist. ,1
Add Nothing Can Stop Us to my Lazy Chill Afternoon playlist.,1
put frank farian on lydia's playlist called The Black Power Mixtape 1967 to 1975,1
Can you put the album onto Cierra La Puerta?,1
Add Hanging On to my just dance by aftercluv playlist.,1
Add tune to my Para comer,1
Put journey to love onto Hip Hop 2017 New School.,1
The trapaholics needs another artist added. ,1
add Wing track to All A Cappella,1
add paul wickens to Lo mejor del Rock de EspaГ±a,1
put this album on my dubstep dangles dirty playlist,1
Put dschiwan gasparjan into the Cool Down playlist. ,1
Add artist to my working day,1
please add this artist to my Zen Focus playlist,1
Add the track BG Knocc Out to the rapcaviar playlist,1
Add the name x forza e x amore to the playlist Musica EspaГ±ola 2017,1
I want to move this album to the selektor playlist,1
add tolmatschowa schwestern to my Street Dance playlist,1
Add the artist to my Metal playlist.,1
Add the frank beard song to the Soft Pop Hits playlist,1
add song to Trap Land,1
I want do you want to build a snowman in my Hip Hop 2017 New School playlist,1
add this album to my MediodГ­a AcГєstico playlist,1
add time flies 1994-2009 to the Jazzy Romance playlist,1
Please put David Van Tieghem onto my throwback party playlist.,1
Add lisa dalbello to my 2015 CMA Awards Nominees list,1
I want you to add the currently playing This Generation into my playlist called funtime activity,1
I want to add Hind Etin to my La Mejor MГєsica Dance 2017 playlist,1
Add the artist Gwenno Pipette to the sexy as folk playlist. ,1
Add the song to the soundscapes for gaming playlist.,1
Add night and day to my Lazy Chill Afternoon playlist,1
add this song to my metal playlist,1
put A L Lloyd on gaming anthems,1
Add fuzzy logic to latin dinner,1
add the artist to my southern gothic playlist,1
put Unbound into found them first for me,1
The this is kevin johansen playlist needs The Lamb Lies Down on Broadway in it.,1
add Michael Hayvoronsky to Lo Que Suena Los Angeles,1
I want this album on my Indie Alternativa playlist,1
add tune to Morning Rhythm playlist,1
please add george nooks to my electronow playlist,1
Put another artist in my Opera 100 Spotify Picks playlist. ,1
put this song on my NTC High Intensity Training Tracks playlist,1
add tapper zukie to the all out 00s playlist,1
Add Tarja Turunen to my Lo mejor de Radio 3 playlist,1
Add this track to the Evening Commute playlist,1
Add this artist to piano chill,1
put Tony Rombola on my novedades viernes sudamГ©rica playlist,1
add Curious corn to Wild & Free Workout,1
add the track to my playlist with the title showstopper being mary jane,1
add this song to clarice's latino caliente playlist,1
add the song to the Dub On The Beach playlist,1
Add name Me & the Rhythm to my chill out music,1
Add this artist to Metal Party,1
Add The Rebirth of Kirk Franklin to the Fiesta playlist.,1
add Jovanotti to punk espaГ±ol,1
add this tune by harry connick jr to my jazz brasileiro playlist,1
add Diarios de Bicicleta to my la la playlist,1
Can you add psycho to Canciones que lo van a petar?,1
add Love Story wa Totsuzen ni to the martin garrix show playlist,1
Add this piece to my spotify orchestra cello playlist: colors of the wind,1
Add a randy travis song to Deep Dark Indie Folk,1
add this track to my playlist it's ok to like jazz,1
Add this lbc crew tune to my Rock Argentino Vol I playlist,1
add sheila e to my i love my neo soul playlist,1
put artist paulinho da costa on my Very Nearly Nashville playlist,1
add stephanie mcintosh to I Love My 90s Hip Hop my playlist,1
Add Shelby Lynne to my playlist This Is Luis Fonsi,1
Add 12 Odd Future Songs to the Club Hits playlist. ,1
add lunacy to my chill out playlist,1
Please add a track from jeff mills to my hiphop hot 50 playlist,1
Add this song onto my playlist entitled chill out.,1
Add Falcon to the Top Tracks in Metal playlist. ,1
Add the pop tarts to my this is astor piazzolla playlist,1
add this track to morning classical,1
Add Tony Kakko music to Street Dance playlist,1
Add this tune to my Rockabilly Mania,1
Add Manuelita la tortuga to my Nuestros 80 playlist,1
add this album to rock en espaГ±ol,1
I'd like to add this whole album to the selektor ,1
Add Beverley Knight to my mellow beats playlist,1
Add an espen lind song to my list lo que suena new york,1
Add album to my French N' Heavy list,1
Add Sveta ljubav to my Metal Party playlist,1
add this song to the Pre-Party playlist,1
add this track to Alternative Route,1
Add a track by BT to my independent music monday playlist.,1
Add the tune from Leena Peisa to my amor amor playlist.,1
Add this tune to Morning Commute,1
add song to my Wild Country playlist,1
I want some fusil contra fusil added to my dance hits playlist. ,1
I want to add this tune by wheesung to my queen list,1
Can you add a tune to my Jazzy Romance playlist,1
add j r rotem to Classic Jazz Singers playlist,1
Add chen jiafeng to Ultimate 00s,1
Put an album by max richter into my this is Rosana playlist. ,1
I need to have pat alger's album placed onto the spotlight spain 2016 playlist.,1
Add no prejudice to 90s Indie,1
Add an artist to the dГ©cadas playlist.,1
put dj green lantern on my Targeted playlist,1
I want Tanya Stephens in my 35 Soul Classics 1970 to 1975 playlist. ,1
Add this track to my Dance Workout playlist,1
add Butterfly House to nu metal,1
Add My Belgian Rose to my evening list,1
Add album to virales de siempre,1
Add this album to my pop playlist,1
Add thomas a dorsey to my Big Band,1
add Teddy Boy to my Irish Folk вЂ“ Jigs & Reels playlist,1
add this track to my party playlist,1
Add a guy is a guy to the infinite indie folk playlist.,1
Add Nightmares That Surface from Shallow Sleep to michael's Rock Solid playlist,1
I want another song in my rock espaГ±ol playlist. ,1
I want to add a song by jazz brasileiro,1
Add Ronski Speed to sweet soul chillout,1
Put another song in the Cloud Rap playlist. ,1
Put robbie robertson into my chill out playlist. ,1
I want this artist on the Cena Elegante playlist,1
Add Jon McLaughlin to my forever country playlist. ,1
I want to put sons of the sea on the pulse of americana playlist,1
Play Disco Tango to Power Walk,1
For my playlist chill add the name Cater Fe She,1
add track to This Is ZezГ© Di Camargo & Luciano playlist,1
add Put Your Hand Inside the Puppet Head to the playlist named Lazy Chill Afternoon,1
add The Little House We Built onto mucho rap,1
add track to rapcaviar,1
"add artist Fabri Fibra to This Is Earth, Wind & Fire",1
add this song to the Top 100 Indie Tracks on Spotify playlist,1
Put this album in shuffle syndrome,1
Add a song to my playlist Black History Salute,1
put Before the Eulogy onto Acoustic Blues,1
"I want to send music to ann's lists from SIR John Winston Ono Lennon, put it on her Infinite Indie Folk list",1
want to add this Nick Mason tune to the Sylvia Plath playlist,1
add saxophone supremacy to ofelia's calm before the storm playlist,1
Add there is nothing like a dame to my playlist Guest List TaKe,1
Add big bill broonzy to my Impulso Creativo,1
add album to my piano ballads,1
put glenn stetson to my your daily routine playlis,1
add tune to Electro Workout,1
Add bright and breezy to my This Is Gucci Mane playlist,1
I would like this song added to my princesas indie playlist.,1
Add the artist Michael Schenker to ina's this is jennifer lopez playlist,1
add the artist joseph meyer to my mad cool festival 2017 playlist,1
Put transatlantic lullaby on sharlene's napoleon xiv playlist,1
add Rakim y Ken Y to my Gold Edition playlist,1
add this artist to my Pop Punk's Not Dead,1
add this artist to primavera sound 2016 barcelona,1
Add the entire album into indie espaГ±ol,1
add track to my Gold Edition playlist,1
Add the artist Borys Ljatoschynskyj to my under the surface playlist,1
Add John Tesh to my salsa classics playlist,1
Add another song to my 88 keys playlist. ,1
Add the artist jill vidal to my SinfonГ­a Hipster playlist,1
I want to add Mark Boston to my Power Walk list,1
Put sita on bettie's global funk playlist,1
Add lari white song to my Soulful Disco playlist,1
Add gregory douglass to my WHM list,1
add go to The MetalSucks Playlist,1
Add track to novedades viernes sudamГ©rica,1
Add javine hylton to my evening playlist,1
Add this tune to the Heavy Gamer playlist.,1
For my playlist jazzy dinner add the name Kick Over the Traces,1
Add tune to Genuine R&B,1
Add mike mantler to playlist girls' night,1
Put this tune on my get your mind right playlist,1
Please include Emily Remler in Indie Bluegrass,1
I want to put roberto valverde into my Ultra Metal list,1
add john brown to my Dinnertime Acoustics,1
add track to All Out 70s,1
add to laundry playlist with this song,1
add Troy Andrews to my pop punk powerhouses,1
put this frederick knight track on my the midnight hour playlist,1
add Marching Band to miami 2017 guest list,1
add this album to my forever country playlist,1
add Bedroom Jams to album,1
Add I Almost Lost My Mind to my bossa nova dinner playlist. ,1
For the playlist running power add the name The Best Is Yet to Come,1
add the essential jacksons to my Perfect Concentration,1
Add an abrar ul haq track to my playlist Soul Lounge,1
put this album on my conexiones list ,1
put Kids of the Black Hole onto my 90s por siempre playlist,1
Add judge jules to instrumental study,1
Add to ila's playlist A Mi Manera Recopilatorio the name my heart stood still,1
Add a tune to my this is marc anthony playlist,1
Add histoires sans paroles to my Women of K-Pop list,1
"I want to add george formby, jr to the family favorites playlist",1
add adele onto funtime activity playlist,1
Add another tune to my Trance Life playlist. ,1
Please add Iris DeMent to my playlist this is selena,1
Add another tune to my Pumping Iron playlist. ,1
Add this album to sheri's playlist journey,1
add this artist to disco fever playlist,1
Add the artist tom cochrane to new york groove,1
Add Sabrina Salerno to the Grime Instrumentals playlist,1
Add to playlist Confidence Boost Here Comes Santa Claus,1
add Deus Deceptor to Dance Workout,1
Add a Tom Thacker tune to my rock classics,1
Place Raise Your Fist onto year in metal 2016.,1
add this artist to spring music,1
Add Kloden drejer to my listas de Г©xitos playlist,1
Add Marianne Faithfull to june's Hillary Clinton's Women's History Month Playlist.,1
Add another track to my Catch 'Em All playlist. ,1
Add Omoide wa Okkusenman to an instrumental sunday,1
Add a track to my classical feast playlist.,1
Add Sam Moore to lo mejor de los 00's,1
add tune to my this is john williams playlist,1
Please put an album by Joseph Meyer on my POP GOES THE 80s playlist,1
add ojuelegba to trabajo ritmos dance,1
Include Kunnon syy in my Trap Land playlist. ,1
Put an inyecciГіn musical track in the nanette's playlist. ,1
I want to add a tune by Damon Johnson to my frescura indie playlist,1
add Puzzles Like You in my playlist Reggae,1
add xsuie in Your Favorite Coffeehouse,1
Add Tsubasa Imai to my Another Glass playlist,1
add this artist to my Guilty Pleasures playlist,1
add heresy and the hotel choir to the evening acoustic playlist,1
Add singing in the trees to rena's Lo mejor de Radio 3 playlist.,1
Include Jesper Kyd in the Grime Instrumentals playlist ,1
add Devil Pray to my party list,1
add ivan mane jarnowick to Fusion Fest,1
Add a jacob miller album to my Hardcore Punk playlist. ,1
Add Jamaica Say You Will  to my metal,1
Add Shooter Jennings to the All Out 70s playlist. ,1
The Sleep Machine Rainforest playlist needs another tune,1
add joan wasser to running playlist,1
Add seek & destroy to Sin Ti playlist,1
Add artist Matt Noveskey to journey,1
add Sara Carter to my Nothing But A Party R&B,1
I want novena on a nocturn added to the playlist called Gold Edition,1
add count von cosels obsession to Jazzy Romance,1
please add this Rex Griffin tune to the Steampunk playlist,1
marcia carolus rex should get added to my Women of SXSW playlist,1
add this album by don reno to my playlist named indiespain,1
For my Crossfit playlist add The Soul Sessions Volume 2,1
Add camille to the This Is Lady Antebellum playlist,1
add jeanette to extreme metal workout,1
add Sirusho to the 50 ClГЎsicos playlist,1
add tune to my instrumental funk playlist,1
Add artist chris squire to my The Birth of Cool playlist,1
Put some mac wiseman in my latino caliente playlist. ,1
I wish to add this album to the dinner playlist,1
Add child owlet to my Sleep Sounds playlist ,1
Add Family Tree to conexiones,1
Add the tune to my chill hits playlist.,1
Add Bonga to the Black Sabbath The Dio Years playlist,1
Add Fra Mols til Skagen to my this is trey songz playlist,1
Add this tune to my Indie Reflection Playlist,1
I want a Mi Lu Bing song in my Pop Dance playlist. ,1
add MG The Visionary to my Dubstep playlist,1
add what if punk never happened to autumn,1
add Novedades Pop to my all out of luck list,1
Add Troy van Leeuwen to my nu metal list,1
Add the singer Maxine Nightingale to the Spanish Beat playlist.,1
add Tarte to bandas sonoras playlist,1
add jeff burrows album to my Country Hits playlist,1
add this tune to my Rock This,1
Add impossible is nothing to SPA Treatment,1
Add a tune to Skylar Diggins' Training Mix,1
Add a track to my playlist funk outta here,1
Add morten harket to this is puccini,1
add Chrome Reflection to my throwback thursday playlist,1
Add a song to the para dormir playlist.,1
Add cecil womack to my 50 Great Female Voices playlist.,1
Put Ron Wood in the Digster Reggae playlist.,1
Add album to princesas indie,1
Add Andreas Johnson to my Rock Save The Queen playlist,1
Add this song to year in metal 2016,1
add this album to my de camino a clase playlist,1
Can you put some monifah on my disco fever playlist,1
please add this song to Madden NFL 16,1
"add kenneth c ""jethro"" burns songs in my playlist soundscapes for gaming",1
add a j mclean to rock to work,1
Add the song to the pure seduction playlists,1
Add this track by Brian Welch to the spring music playlist,1
Add artist hex hector to my old school death metal playlist,1
I'd like to move the artist named Matt Walker to the playlist grandes unplugged,1
Add Every Song Is a Cry for Love to my playlist Soul 'n' The City,1
please add John Deacon to the funtime activity playlist,1
add bert mccracken tune lo que suena new york playlist,1
"Add Star Light, Star Bright to my jazz classics playlist. ",1
Edit Classic Road Trip Songs put on Sammy Cahn,1
add agua y sal in Classic Jazz Funk,1
add this song by torch to my Sing Along playlist,1
Add Jerry Dixon to my chill out list,1
add antisleep volume 04 in All Out 70s playlist,1
Add artist to my 80'S PARTY,1
Add a tune to my playlist Women of K-Pop,1
add album to my I Love My 90's R&B,1
Add tune to my Folk Music At The Gaslight CafГ©,1
Add Heart Like a Hurricane to digster soul classics,1
add Fish Leong to my I Love My '00's R&B playlist,1
put this album on my road trip playlist,1
Add Hotter Than Hell to my Fiesta playlist,1
add mike mogis onto my crate diggers anonymous playlist,1
add david dallas to my latin dance cardio playlist,1
add this artist to Pop 2017 Picks,1
Add Scarred to my This Is ZezГ© Di Camargo & Luciano,1
add my album to This Is Al Green,1
add this artist to Blues Roots list,1
Add the artist to the nuclear blast novelties playlist.,1
Add Born Free to Fresh R&B,1
Add an album to my Sylvia Plath playlist.,1
"Put this song on my playlist, In The Name Of Blues.",1
add the artist Jamie T to hallie's winter music playlist,1
Put more Unbelievable in my grandes unplugged playlist. ,1
Add this artist to my Classic Punk playlist,1
The Sleep Machine Waterscapes playlist needs some kris chetan ramlu in it. ,1
Add something by ritchie valens to my playlist virales de siempre,1
Add the Proof album to Cierra La Puerta playlist,1
Add the tune to my Epic Classical playlist.,1
Add this tune by rod argent to propuesta alternativa playlist,1
Add inconfundible to Stomp & Holler,1
Add My Very Best to my road trip playlist. ,1
For my playlist fresh finds hiptronix add the name polka medley,1
add this album to the playlist called dishwashing,1
rate tune to my natalie macmaster viajes,1
Put a Paul Hardcastle song in my classic jazz funk playlist. ,1
Can you add an album to my Are & Be playlist,1
I want to put a copy of this tune into Skatepark Punks,1
ADD Me Kommeni Tin Anasa to my propuesta alternativa playlist,1
Add this track by horace andy to acoustic soul,1
please put this song by nas in my Hype playlist,1
add the song by brian larsen to the Cardio playlist,1
add cross bones style to Guest List TaKe,1
For the playlist this is mozart add Nana Mizuki Live Fighter -Blue x Red Side-,1
Add The Hellacopters singles to my teen party,1
add the artist gougoush to the Soul Revived playlist,1
I want to add No Mystery to alejandra's Acoustic Love playlist,1
my Disco Forever playlist needs an album by sawai gandharva.,1
add this artist to my SinfonГ­a Hipster,1
add this album to Digster Future Hits,1
Add naseer shamma to piano chill,1
Add Buddy Tate to just dance by aftercluv list,1
Add Barbara to the metal xplorer playlist. ,1
I want jimmie noone on the playlist titled lo mejor de los 00's,1
add song to thrash attack,1
Can you put this xandee song onto my chill playlist?,1
add falling upstairs to the playlist named chill out,1
Can you add some Tommie Sunshine to my chill out playlist,1
Add Waltz for Debby to my Soft Pop Hits playlist.,1
Add Tunnel of Love to ethel's metal crash course palylist,1
add tune to my metal crash course playlist,1
add this tune by Nokio the N Tity to my this is bb king playlist,1
add this peter iwers album to my ntc gym strong,1
add a new entry for mon beau sapin in lela's mГєsica libre playlist,1
Can the artist big mama thornton be put onto my Trabajo Relax playlist?,1
add this track to my Dinnertime Acoustics playist,1
Add Hallucinations of Despair to my this is trey songz playlist.,1
put this track on the playlist with the name roadrunner rec new releases,1
Ad Amal Hijazi tune to my Pura Vida,1
I want to put this song in my new boots playlist,1
Put No Mystery into my Punk Essentials playlist. ,1
"I want to send music to ann's lists from SIR John Winston Ono Lennon, put it on her Infinite Indie Folk list",1
Add irving berlin to my dishwashing,1
Add Gary Valenciano to the power gaming playlist. ,1
Please add 80s Classic Hits Asking for It to my playlist,1
add artist my laundry playlist,1
add Billy Martin album to my legendary guitar solos playlist,1
add this song to my southern gothic playlist,1
Add Luiza Possi to my bachelor party playlist. ,1
Add track by Fleetwood Mac to lakeisha's playlist TODO NOVEDADES,1
Add See Me Now to my enamorГЎndose playlist,1
add the artist a j pero to my Country Gold playlist,1
add this artist to sunshine reggae ,1
Add what if we were real to my Ultimate 80s playlist,1
Add unreachable to my wine & dine playlist.,1
add the artist to my 31 Minutos playlist,1
Can you add woman of the world to my playlist entitled Duetos,1
add this track to my global funk,1
Put a gary clark song into the soul bpm playlist. ,1
Add a track by flesh n bone to my totally alternative playlist. ,1
add something so right to lora's 80s Classic Hits playlist,1
Put this Yury Chernavsky tune on my Alternative Route playlist,1
add nour mhanna to workday lounge,1
add naomi schemer to my Hanging Out and Relaxing,1
add this track to my Gold School playlist,1
add Petar Georgiev Kalica song to my Push Button Funk playlist,1
Add a song by Jil Y Creek to my spring music,1
put kan on my Indie Rock Road Trip,1
add this artist named Kirk Hammett to my playlist Los 40 Radio Г‰xitos,1
add Give Us Rest to my Very Nearly Nashville playlist,1
put deep purple on this is jennifer lopez,1
Add the track to the Best Metal of the New Millennium playlist.,1
add this song to Country Coffeehouse,1
Add venedig im regen to this is Maxwell,1
Add Rodriguez artist to my mujeres y hombres y fiesta playlist,1
add The Field album to my romantic evening album,1
add the album to the metalcore playlist,1
add the artist  w g snuffy walden to my Billboard Latin Music Awards Finalists playlist,1
add richard sohl to dinner for 2,1
put four in blue onto Ultimate 00s.,1
add Madchild to Electro Latino,1
Add my favorite artist to the focus now playlist,1
add song to This Is Philip Glass,1
Add manos hatzidakis to lo mejor de los 00's,1
Add keine grenzen to New Metal Tracks,1
Put Beside You in my spotify orchestra cello playlist. ,1
Please add checkmate to my irish folk вЂ“ jigs & reels playlist,1
Add this track to my Zen Focus playlist,1
add the album to my Latin Pop Rising playlist,1
Add image to the Nuclear Blast Novelties playlist,1
Add Der K und K Kalypso aus Wien to vonda's playlist Pura Vida,1
Add tune to this is trey songz,1
Add Sam Moran music to my tgif playlist,1
add post mortem to my timeless love songs playlist,1
Put this shelter from the storm on r&b party classics,1
Add The Maid of Amsterdam to my 80s smash hits,1
Add One Good Reason to the bachelor party playlist,1
add Joe Hickerson  to my Jazz вЂ“ Classical Crossings,1
add If You Were Mine  to Classic Punk playlist,1
add The Green Book in my playlist Mellowed Out Gaming,1
Add pittsburgh slim to my indie mim playlist.,1
add the tune to my jazz vibes playlist,1
add El valle del Jarama to my working day playlist,1
add share the well to my epic wall of sound,1
Add another tune to kristine's laundry playlist. ,1
add The Rough Guide to the Music of Eastern Europe to my This Is Philip Glass playlist,1
add als het om de liefde gaat to my this is handel playlist,1
Can you put this tune onto Latin Dance Cardio?,1
"I need to add an artist to one of my playlists, Classical New Releases Spotify Picks.",1
Add maki ohguro to the rock hard playlist,1
add this matt bachand tune to pure rock & roll,1
Add Testifying to  donna's tokyo rising palylist,1
Add East Grand Blues to the This Is Nicky Jam playlist. ,1
add my old kentucky home to Fresh Finds Fire Emoji,1
I want to add Sin rencor to my playlist entitled te quiero,1
Add a yesudas song in my piano chill playlist. ,1
Add daigo to indietronic,1
put Joseph Utsler on All Out 70s,1
Can I put Indocumentado onto my Folk Music At The Gaslight CafГ© playlist?,1
add armand van helden to my black sabbath the ozzy years playlist,1
I want the Turbonegro album to go on the playlist called Genuine R&B,1
Incorporate Moribund the Burgermeister into the 50 Shades of Love playlist. ,1
can you put The Little Grey Mother Who Waits All Alone into uncharted 4 nathan drake,1
add paula abdul to Classic Acoustic playlist,1
add tune this is puccini to my playlist,1
add this artist to FIFA 17 Soundtrack,1
Include Badmeaningood Volume4 in jaime's Animal Stories playlist. ,1
add this Infernus tune do marsha's de camino a clase,1
add song in my playlist Dance Workout,1
Add this raffaele riefoli tune to Deathcore,1
add this track to my road trip playlist,1
add this song by deron miller to my party on fridays playlist,1
Please add to my playlist Hype the name introducing a r rahman,1
put this Kes song on the feel good indie rock playlist,1
add the track by Paul Gray to my 2010s smash hits playlist,1
Add Mel Draisey tomy 80s Classic Hits playlist.,1
add A-Hunting We Will Go to the Emily Dickinson playlist,1
Add a song to playlist chill hits,1
Put new page onto my latin jazz playlist.,1
Add the tune to my Women of Latin Music playlist.,1
Add Welcome to the Cruel World to my Reggae Classics playlist,1
"add this song to my playlist named Britpop, etc",1
Add htoo ein thin to my brooklyn beat playlist. ,1
Add Kd lang to my Deep Focus playlist,1
Add artist to my Broken Heart,1
Add Pimp C to my workout remix. ,1
Add dahmer to hiphop hot 50,1
Add a track to my playlist Classic Acoustic,1
Add a tune to my Sleep Sounds list,1
add track to Indie Electronics playlist,1
add the Chamillionaire track to lina's wedding classics playlist,1
add undressed to my Country Icon playlist,1
Add dr know to my TODO ALTERNATIVO playlist. ,1
Add Ashley Cafagna Tesoro to my reggae en espaГ±ol list,1
add steel guitar rag in acoustic covers the mash ups,1
Add the tune to my House Afterwork playlist.,1
put coming back to life onto winter music,1
add The Crowd to corinne's acoustic soul playlist,1
add abrar ul haq to Confidence Boost,1
I want another album in my disco fever playlist. ,1
Add this artist to the laugh list,1
put this Kan Mikami tune on fresh finds cyclone,1
Can ten green bottles be added to brooklyn beat?,1
add song to my eletro br playlist,1
"I would like to add to my plalist, Visjoner onto the old school metal one",1
put the artist michael todd in my Afternoon Train Ride list,1
Add mr j medeiros to my Women of Country playlist.,1
put this tune onto my party through the decades playlist,1
add this song to my crossroad blues playlist,1
Add robin trower to the medieval 50 spotify picks playlist. ,1
Add dave bickler to my all out 90s playlist,1
Add this song to my fairy tales,1
put this tune playing into my La Mejor MГєsica Dance 2017 playlist,1
add Halfway Between Here and There to my canadian country playlist,1
add this song to my Love Hurts playlist,1
please put live with me onto my playlist named CARГЃCTER LATINO,1
Add died to the todo latino playlist,1
Add Welcome to the Cruel World to my Reggae Classics,1
Add moby grape live to enamorГЎndose,1
add Dr Know to the playlist named I Love My 90's R&B,1
Add Elkie Brooks to Happy Birthday playlist,1
add the song to my the funny thing about football is playlist,1
Add this track to winnie's post metal playlist,1
Add la jaula de oro to my Evening Commute playlist,1
add Jalal Zolfonun to my Nature Noise,1
Add this song to indie hipster,1
add this tune to my guest list gamesradar playlist,1
Add album to Pop Rising,1
add take it back to my Metal Party playlist,1
I want you to add a George Chisholm tune to my 40 hits playlist. ,1
add Salil Chowdhury to my 35 Soul Classics 1970 to 1975 playlsit,1
Add O B McClinton to my playlist called Women of Electronic,1
I would like you to add now the hits of winter 2008 onto my ntc studio sounds playlist.,1
add an album in Sweet Soul Chillout,1
Add Por una Cabeza to my playlist called this is new edition,1
Add this track to the playlist Korean OSTs,1
add scarlet begonias to my para entrenar playlist,1
Put wreck of the tennessee gravy train in the Kids Workout playlist. ,1
Add the singer ivan roudyk to my fairy tales playlists ,1
add fabrice morvan to Folk for Kids,1
add artist John William Boone to my life's short; play fast playlist,1
Add Sheila to enamorГЎndose,1
For the Classic Road Trip Songs add the entity unwelcome,1
put once bitten twice bitten into the pulse of americana,1
Include hohenfriedberger marsch to my Novedades Pop list.,1
go ahead and add blowfly to my This Is Schubert list,1
Add  Michael Balzary to mujeres y hombres y fiesta,1
add this artist to my 80'S PARTY,1
Add the happy elf to my Fresh Finds Fire Emoji playlist,1
add bulat schalwowitsch okudschawa to retro pop,1
put this album on my playlist titled dance hits,1
Add the lady bunny album to dГ©cadas,1
add Toi to my timeless love songs playlist,1
I want new steps to go on the leche con chocolate list,1
add Classic Punk by Chab,1
add potje met vet to my electronic gaming playlis,1
"add artist post metal to playlist
",1
put artist Harry Burleigh on classical new releases spotify picks,1
Include Sean Yseult in kaitlin's metal overload playlist. ,1
ad Sabah to my Evening Groove playlist,1
add this tune by Hal Patino to my Ambiente RnB playlist,1
Put Kim Kibum in my the martin garrix show playlist. ,1
add all the years to ConcentraciГіn,1
Add harlow wilcox to hip hop club bangers,1
add manuelita to my indiespensables playlist,1
Add dear hearts and gentle people to he Tokyo Rising playlist.,1
Add Eef Barzelay to the Trad Folk playlist. ,1
Incorporate a russel walder track onto gay's Funk Rock playlist. ,1
Add a kiley dean tune to my jazz for loving couples playlist ,1
Add this track to clГЎsicos del hip hop espaГ±ol,1
Add artist to TODO EDM,1
add megon mcdonough indie songs for slackers to my playlist artist,1
add det kimer nu til julefest to my playlist technical&brutal death metal,1
Add to my list  the tune summer of love,1
Can you add a song by Bill Frisell to my Top Latin Alternative playlist,1
Add an album to my week end playlist,1
add song to Women of SXSW,1
put this track on operaciГіn bikini,1
add this artist to my the road to punk rock playlist,1
Can you add Through the Darkness They March to my once upon a time playlist,1
add Tracy Chapman to Late Night Jazz,1
for my tГ© para tres list add cut the world,1
Put a track into my Classic Country playlist.,1
Add Trina to latoya's Hillary Clinton's Women's History Month Playlist.,1
Can you put falling upstairs on my playlist entitled This Is Thomas Rhett,1
Add a tune to my playlist Guest List Polygon,1
Add Amir Khan to my playlist Acoustic Blues,1
add the artist Choclair to La mejor mГєsica de BSO,1
rate tune to 90's Baby Makers,1
Love In Paris needs some frank farian in the playlist. ,1
The Zen Focus playlist needs David Franj in it. ,1
add 21 AT 33 to the playlist called wake up everybody,1
Add your loving flame to my palylist Rock,1
Put this song on my indiespensables playlist,1
Add the second three years to my workout twerkout playlist,1
Add 2012 Zwanzig ZwГ¶lf to my miami 2017 guest list,1
I'd like johnny nash to be put into my playlist Always Pop Punk,1
Add Raisins secs et amandes to this is new edition,1
Add this song to Blues Roots,1
add Yameen to the uncharted 4 nathan drake playlist,1
Add Strong to the Metal Monday playlist,1
I want you to put this track onto the playlist called throwback party.,1
Add a tune to rare groove,1
add Adam Yauch to my Spooning,1
Add el choclo to my women of classical list,1
Add the Spirit of Life to naГ§ГЈo reggae,1
Add kjetil vidar haraldstad to my para entrenar playlist. ,1
Add teriazume to the naГ§ГЈo reggae playlist,1
Put a molly mcguire album in my metal talks kreator playlist. ,1
"add artist to my playlist primavera sound 2016 barcelona
",1
add this tune by Jim White to my playlist Rumba y mГЎs,1
add track Nature Noise to my playlist,1
To johnnie's funtime activity playlist add the name The Best of Guitar Shorty,1
Can you add something by Faultline to jannie's Strength of Street Knowledge playlist,1
Add this song to my lo que suena new york playlist,1
matt monro newest album add to my chill out music,1
add house afterwork to my the cave canem demos,1
put Johnny Wakelin  on my tГ© para tres lis,1
put this album on r&b movement,1
Add the name the magnificent tree to playlist this is Rosana,1
add tune Digster Reggae,1
Add Hanging On to my just dance by aftercluv playlist.,1
add billy eckstine to my emotron,1
Add my track to old school metal playlist,1
add this tune to my Dance playlist,1
Can jovino santos neto's album get added to my Confidence Boost playlist?,1
Add track to Urban Poet,1
put Anna Grigorjewna Semenowitsch in all out 00s list,1
put Limey onto my this is astor piazzolla list,1
Add something by Paul Whiteman to my sweet soul chillout playlist please,1
add Chong Nee to my Spread The Gospel,1
add artist brenda k starr to frescura indie,1
Add Welcome to the Cruel World to my Reggae Classics,1
add pete shelley to Is It New Wave,1
add GodMusic to my latin dance cardio playlist,1
add track by Klute to winifred's de camino a clase playlist,1
move this tune by Hironobu Kageyama to my Baila Reggaeton playlist,1
I want to add Digital Line to my playlist called Infantil,1
Add Sorrow to my it's ok to like jazz,1
add when ice met cream to This Is Alejandro FernГЎndez playlist,1
I want to add the Tim Smith album to my best of 2010's playlist,1
Add from the ashes to my rock gaming playlist,1
Add viktor merjanov to california rock state,1
I would like Ignacio Figueredo's tune added to electroNOW.,1
put Ik Tara onto pure seduction playlist,1
add track to my playslist this is Los Fabulosos Cadillacs,1
Add ilse delange to my journey playlist,1
add vertexguy to Beach Vibes,1
Add the secret wars into the digging now playlist,1
add Of Rivers and Religion to my sexy as folk playlist,1
Add album to all out 00s,1
Please include danni bassan in my Perfect Concentration,1
add this album by Bruce Dickinson onto top entrevistas my playlist,1
Add an artist to my playlist Domingo Indie,1
Add George Thorogood to el mejor rock en espaГ±ol,1
Add Sifow to my Skatepark Punks playlist,1
Add the name cry like a baby to my a mis niГ±os de 30 playlist,1
Add no more sorrow to Ultra Metal,1
add artist rob dougan to electroNOW,1
add Fred Knoblock to my lo-fi love playlist,1
add album to bajo las estrellas,1
add this album to my just dance by aftercluv playlist,1
Add lapponia to my flamenco pa ti playlist. ,1
Add Ace Hood to the this is aretha franklin playlist.,1
Go to my all out 00s and add brian wilson,1
Add to my playlist house afterwork this tune,1
Add another song to the country playlist. ,1
add Chris Walla to Trabajo Relax,1
Add the album to the fantasГ­a playlist,1
add Georgetown University Alma Mater to my evening acoustic playlist,1
Add robert nighthawk to Novedades Pop,1
add tune by Leonard Cohen to road trip,1
Add this album to Trotamundos,1
Place this tune in workout remix,1
add this song to cleaning,1
Add the crabfish to my playlist called The Sleep Machine Rainforest,1
Add this tune to The Refugee Playlist,1
Add this artist to gretchen's Soul Revived playlist,1
add gabrial mcnair to my Love In Paris list,1
add this tune to my Party ВЎFiesta,1
Add como un tatuaje to my hits of the 70s playlist,1
Add nitti to my family favorites playlist,1
I want to add Indestructible to my playlist a mis niГ±os de 30,1
put this tune on my Nothing But A Party R&B playlist,1
Add tune to my Is It New Wave,1
add dwele to marguerite's eurovision 2016 playlist,1
please put the artist Matt McKenna in my This Is Shakira playlist,1
Add a song to my playlist a peaceful rush hour,1
add song in playlist Metal Monday,1
add List of Rush instrumentals to This Is Lady Antebellum,1
Can you put live in detroit on the playlist Peaceful Piano,1
put artist Serenata onto my Massive Soca Hits list,1
The road trip playlist needs justin utley in it. ,1
add this album to tgif,1
Add inconfundible to the piano in the background playlist. ,1
put artist Emre Aydin on Happy Birthday playlist,1
Add julian taylor to my latin dance cardio list,1
add dimitri fampas's song to my focus now,1
add this artist to the playlist cool jazz,1
Add daniel zueras to lush vibes,1
Add this album to my Adrenaline Workout.,1
add tune to my playlist picnic in the park,1
Add Joe McPhee to my picnic in the park play list,1
Add another tune to my verano playlist. ,1
The ultimate 90s needs avant que lвЂ™ombre Г  bercy in it.,1
input this album onto my All Things Post list,1
Add this song to my Indie Acoustic playlist,1
add the artist to my indietronic playlist,1
put jim fairchild onto spotlight spain 2016,1
add robin trower to feminist friday playlist,1
Can this song get added to lunchtime?,1
Add shot forth self living to my Folk Metal Warriors playlist.,1
add Black Ribbons to the autumn playlis,1
add lil armstrong to my Adrenaline Workout playlist,1
add Vicky Leandros to my piano ballads playlist,1
I want to add michelle heaton to this is chopin,1
Add Banana Republic to my this is puccini playlist,1
please put Linzi Stoppard into my sxsw fresh playlist,1
add the track by josh kear to myra's playlist with the name highway 61,1
Put The Broken Wave on lo mГЎs dance,1
Add elastic love to This Is Stormzy,1
add track to my global top 50 ,1
Add david cole to an instrumental sunday,1
add an album in Guitar Hero Live Playlist,1
put Edwyn Collins onto my Trabajo Relax playlist,1
please add moon river to my metalcore playlist,1
The workout playlist needs more chris cross,1
Add kylie minogue to my novedades viernes sudamГ©rica playlist. ,1
Add some jim diamond to peace,1
Add a song by Takahito Eguchi to my guest list polygon playlist. ,1
Add this song to my cleaning the house playlist,1
add eric johnson song to my The Refugee Playlist playlist,1
add Armen Movsessian to this is skepta playlist,1
Put this artist on instrumental study playlist,1
Add this tune to my Bedroom Jams playlist,1
Add this album to my hot house playlist,1
Add Showcase in a Suitcase to the chill out playlist. ,1
Add Yma Sumac to this is animal collective,1
Add an album to the DГ­as de FrГ­o playlist.,1
add the tune by misato watanabe to the Trapeo playlist,1
Please add carmel to my lunchtime playlist.,1
add this artist to my this is miguel bosГ© playlist,1
add licorice mckechnie to just dance by aftercluv,1
napoleon xiv should be added to sharlene's playlist transatlantic lullaby,1
Can you add danny carey to my masters of metal playlist,1
add artist to my playlist i love my 80's rollerdisco,1
Add this tune to my Top 100 Rock Tracks on Spotify,1
add this song to my this is kevin johansen,1
Estelle should be on my spring playlist,1
Put the frl menke song in my comedy top tracks,1
I need to add another track to my cleaning playlist. ,1
Add this track to my Love Hurts playlist,1
Add Ashley McIsaac to my r&b party classics playlist,1
Put this Lidell Townsell track on esenciales,1
add Ian Stuart Donaldson to canadian country,1
Add Igor Talkow to my Women of K-Pop list,1
"add this album to my playlist named CafГ©, Libros",1
Include Hermann Baumann in my Texas Red Dirt list,1
add space cowboy to my the funny thing about football is playlist,1
Put this artist onto the Chillin' on a Dirt Road playlist.,1
Please add the singer Valery Kipelov to the Perfect Concentration list,1
put Hugh Masekela onto my Music On Ibiza Guest List playlist,1
Add the album to my Heavy Gamer playlist.,1
Add a song to ultimate indie,1
Add rev-raptor to 90s Indie,1
add a song by Masayoshi Yamazaki to my this is Los Fabulosos Cadillacs playlist,1
add keltech to my 70s road trip playlist,1
I want to add Anna Semenovich to the dinner with friends playlist,1
Add bilal to winter,1
move El Viaje de Copperpot into my Emily Dickinson playlist,1
add songs tune in Reggae Infusions,1
add tune to African Heat,1
Add Rattus at the Roundhouse to my funk playlist.,1
add track by Monster Bobby to peace playlist,1
please put this tune into the All A Cappella playlist,1
Add Zos Kia Cultus to the This Is Philip Glass playlist.,1
add Dying Mapa I to MГЎs Que Amigos,1
put this track on Alok House Party playlist,1
Add this track to my Tropical Morning playlist,1
my tГ© para tres needs Brave and Crazy added on. ,1
Add a song by Claude VonStroke to the under the surface playlist.,1
Add tune to Bedroom Jams,1
Add exorcising ghosts to joy's thrash attack playlist,1
"add Xenomania to operaciГіn bikini, please",1
add Curse song to my playlist Guest List Engadget,1
Can you put Musiri Subramania Iyer's song onto the lo-fi love soundtrack?,1
Add you put a move on my heart to the martin garrix show ,1
add to my playlist Lazy Chill Afternoon Nothing Can Stop Us,1
add Brian May to my Reggae Infusions list,1
I want 4813 added to my Rhythm and Blues playlist,1
add this Rob Campanella tune to psychedelic rock,1
Can you put this track onto classic jazz funk?,1
I want these are the days added to my spotlight spain 2016 playlist. ,1
Add the patty patty sound  to my metal talks kreator playlist,1
I want to add Black Ribbons to the i love my neo soul playlist,1
Add I Messed Up to Hit Rewind,1
add rise of the infidels to my bring back the 90s playlist,1
Add song to Kids Workout,1
I want to add this bon scott song to my Post-grunge list,1
add the artist Todd Snider  to my Electro Latino playlist,1
Add tune to Classical Intimate Dinner,1
put this album on my Wild Country playlist,1
Can you put a song from tom jones on my electronica & dance playlist,1
Add lisa m to my guitar hero live playlist,1
put this Tripp Eisen song on canta en la ducha,1
add this artist to romГЎntica,1
Want to add pacific ocean blues to the playlist named lunch,1
add Desert Sessions to my i love my 80's rollerdisco playlist,1
add Irish Heartbeat to my Trapeo playlist,1
Add artist to my Texas Red Dirt playlist,1
Can you put freddie freeloader on the playlist instrumental madness,1
add come on a cone to Power Walk playlist,1
Add this artist to my grandes unplugged playlist,1
Put li yuchun's album onto the kickass metal playlist.,1
Add this album to jenifer's mellow dinner playlist,1
add Joe Gibbs to my The Bachelor Party playlist,1
Add a tune to my elrow Guest List,1
add peter banks to verano forever list,1
Add song to instrumental study,1
I'd like to put qriii onto songs to sing in the car.,1
Put Pedro Navaja onto my flamenco pa ti playlist.,1
add thomas anders to my crossroad blues,1
add zamiast burzy to Phunkadelic,1
I want to add a tune to my spanish metalblood playlist,1
Add wastedagain to the wild & free workout playlist,1
Add Tarkan to my madrugando playlist,1
Add the trey gunn tune to my French N' Heavy playlist.,1
Add hello i must be going to the power ballads playlist,1
add Glory in the Highest A Christmas Record in my playlist cleaning,1
Add wes scantlin song to my autumn,1
Add LA Woman to my soul lounge playlist. ,1
"Put Corrina, Corrina onto my classical x list.",1
add this Candi Staton artist to my Dancefloor Hits,1
Add this tetsuya komuro track to my soulful disco playlist,1
I want to add this So Chan whee tune to Latin Alternative Music,1
add song to my El Mejor Pop en EspaГ±ol,1
Add the track to the Metal Talks Metallica playlist.,1
Add Deuce to my listas de Г©xitos playlist,1
Put the song playing on laverne's rapcaviar playlist,1
Add a Kanon Wakeshima track to the Feeling Blue playlist. ,1
add entre um coco e um adeus to taylor's this is john williams playlist,1
"add party with friends by Constructs of the State to juliana's playlist
",1
Add Appreciation Day to My Folksy Love,1
Add however much i booze to my playlist called atmospheric black metal,1
this artist should go onto my playlist called the piano bar,1
Add Foreign Affair to the disney playlist.,1
add this tune by mopreme shakur to the Party ВЎFiesta playlist,1
Add brian larsen to my digster sleep,1
Add a track to the emo forever playlist.,1
add Inca Roads to my weekend,1
put this album in my Fiesta section,1
add this song to enid's romГЎntica playlist,1
Add this artist to my Throwback Dance Party playlist,1
add Animal Stories to maryanne's by Per Yngve Ohlin,1
Add Vyechnyy strannik to lo que suena new york,1
Please add Chris Frantz to Pop Rising list,1
Add tune to my playist the piano bar,1
Can you add something by Wynter Gordon to my soul lounge playlist,1
put artist hridaynath mangeshkar onto my night out playlist,1
Add album to Acoustic Spring,1
add Contact to my nu metal playlist,1
Add entity eternally to playlist Lazy Chill Afternoon,1
add the artist Beardyman to my classical x playlist,1
Add Bronislau Kaper to the drive playlist.,1
Add Falling Stars to my Intense Studying,1
Add another tune to my Lo mejor del Rock de EspaГ±a playlist. ,1
please add this track to my de camino playlist,1
Add karusellen to jazz brasileiro,1
add this song by Chieko Ochi to the drum & breaks playlist,1
Add this track to the Sin Ti playlist,1
Add roel van velzen to the night playlist. ,1
Add artist danny carey to my Classic Jazz Singers playlist. ,1
add tune to my The Southern Highway Chronicles playlist,1
Add por tu maldito amor to my orgullo gay,1
add shahrum kashani to my Country Hits,1
I want another song in the Women of Latin Music playlist. ,1
Add Opus de Funk to my list Acoustic Blues,1
Add Happy Holidays to my playlist called it's ok to like jazz,1
Add genocide to electronic bliss,1
add my favorite track to Baroque 50 Spotify Picks,1
add this track to my playlist named Trabajo Relax,1
For my playlist Latin Pop Rising add Aira Yuhki,1
Add Magnifico to michele's playlist called 88 keys.,1
ad artist to sxsw latin my playlist,1
add Keke Wyatt to my Evening Commute playlist,1
add Hot House to Have You Met Miss Jones,1
Add album to my Country Hits,1
add the wee wee man to pamela's Stress Relief playlist,1
put K Maro track on my soul lounge list,1
Please add Emanuel Kiriakou to my playlist llegando a casa,1
Add Hound Dog Taylor to the miami 2017 guest list playlist. ,1
Add Ihsahn to Hip Hop 2017 New School,1
Add this album the the playlist canciones que lo van a petar,1
add The Open Door to autumn music,1
add this artist named trevor mcnevan to the playlist top gaming tracks,1
I want to add something by Jarvis Cocker to my rock espaГ±ol playlist,1
this tune should go on my coffee table jazz playlist,1
add jim martin to Deathcore ,1
my timeless love songs playlist should include viderunt omnes,1
add the album to my Top 100 Indie Tracks on Spotify playlist,1
Add rosemary clooney to Pura Vida playlist,1
add track to my spring playlist,1
add a song by  mark schultz to my ultimate indie playlist,1
For the playlist Wild & Free Workout add tsidii le loka,1
Add a tune by alex gaudino to my The New Waltz playlist.,1
Put the bill berry track on elrow Guest List,1
put take up thy stethoscope and walk onto my verano playlist,1
put live and rare into dancehall official,1
Add a song to my playlist Independent Music Monday,1
Add this artist to Reggae Classics playlist,1
Please add the song by raphael rabello to the playlist fantastic workout,1
Put Kurt Cobain onto korean osts.,1
Add the avispa track to my Bass Gaming playlist.,1
Add Don and Sherri to my Meditate to Sounds of Nature playlist,1
add Blag Dahlia to Pura Vida,1
Put Slimm Cutta Calhoun on my Songs to Sing in the Car playlist,1
Add etta james to my anochecer urbano playlist. ,1
Add this track to anochecer urbano,1
Add another artist to the Spotlight on Country 2016 playlist. ,1
Please add this track to my weekend list,1
Add this song to my list Trabajo Relax,1
add Paper Doll to the Power Walk playlist,1
put Michael Cretu onto my Beach Vibes playlist,1
Add this artist to the playlist called Evening Groove.,1
add Top 100 Indie Tracks on Spotify to my track,1
add this clint mansell song to latin pop classics,1
Add Fair Charlotte to the We Everywhere playlist.,1
add track to orgullo gay,1
Add this song to my playlist named Wild Country,1
Add michael wittig to the party playlist. ,1
"add tune to women of pop playlist
",1
add this artist named Cleopatra Stratan to my playlist named 30 Before 20 Masterworks by Teenagers,1
put the airi suzuki album into my Nuclear Blast Novelties playlist,1
add scott putesky to concentraciГіn indie rock playlist,1
Add the song to my R&B Movement playlist.,1
I want maximilian mutzke added to Acoustic Concentration,1
Put this song on legendary guitar solos,1
add Coordinates of Confusion to bass face playlist,1
add great grape to my playlist named Novedades Pop,1
add blood guts & glory to my this is chopin,1
Please place tim wright's track onto the queen playlist.,1
add to anacreon in heaven into the playlist girls' night,1
Add this tune by Shagrath to black sabbath the ozzy years,1
Add to my playlist heavy gamer the name blaydon races,1
Add a track to my girls' night playlist.,1
add this song to tania's new boots,1
"add reggaeton classics in playlist jennie, jennie",1
put the mike oldfield album onto my La Mejor MГєsica para tus Fiestas playlist,1
I want a matt garrison tune in my Fresh Finds Fire Emoji playlist. ,1
I want to put this track on diann's Just Smile playlist,1
add this track to tameka's dance playlist,1
add this wayne raney tune to my this is kudai,1
add maschi e altri to my this is john williams,1
I want to add a song to the sunshine reggae playlist. ,1
add dГ©cadas to my list Neo da Matrix,1
add Split the Difference to my Women's Lit playlist,1
Add some fujimoto yae to my Women of Rock list,1
Put say it ainвЂ™t so into my Trap Land playlist. ,1
Add Bien AcompaГ±ado to All Out 60s,1
add tune to my this is animal collective,1
I want lay down your arms in the indie espaГ±ol playlist. ,1
put Framed onto my ntc studio sounds playlist,1
add The Darkest Red to this is jennifer lopez,1
Add in the heart of the world to the Epic Gaming playlist,1
Add tune to cleaning the house,1
Add this artist to lo mГЎs dance playlist.,1
Add this artist to my garage jams,1
add this track to llegando a casa,1
Add concrete roots to punk espaГ±ol playlist,1
add this song to my workout playlist,1
add xiang xiang album to my Madden NFL 16,1
I want to add Broken Hearted Melody to the playlist Post Garage Wave Revival,1
Add some patrick stump to maritza's disco fever list,1
Add Cleo Laine to psychedelic rock,1
Put another track in the keep calm playlist. ,1
Add a track to my dinner playlist,1
put perfecting loneliness onto primavera sound 2016 barcelona ,1
Can Super Turnt Up get added to my emotron playlist?,1
add song to evening playlist,1
add villotta to The MetalSucks Playlist playlist,1
Add anti ep to esenciales,1
edit Top 100 Indie Tracks on Spotify playlist by adding Smokefree RockQuest 2005,1
I want to add the Classical Moments in Movies track to my playlist,1
Add a song to my playlist Impulso Creativo,1
add The Go Find to SГіlo para dos,1
Put this tune on All A Cappella,1
Add this tune by Rafet el Roman to my Latin Pop Rising playlist.,1
Add this artist to my Morning Rhythm playlist,1
add omnipresent to verano,1
put this tune by mark norman on my keep calm list,1
Add the time warp to Wild & Free Workout,1
I want Cocco added to my post metal playlist. ,1
Please add this this tune to the playlist this is selena,1
Can you put this song on the metal xplorer playlist,1
Put a track by lil mama into my guest list sneaky zebra playlist. ,1
Add the artist Kamil Rustam to my relaxing playlist,1
Add another album to my friendesemana playlist. ,1
add this tune to my in the arms of a woman,1
add Chris de Burgh  in my playlist melancholia,1
add la voce to my Dubstep Dangles Dirty playlist,1
add 9AM in Dallas to my classical music for smart kids,1
Send the track from andrew hewitt to the piano ballads playlist,1
Add raz b to drive playlist,1
Add this tune by Frankie Laine to my playlist kitchen swagger,1
add this elbridge bryant song to my inyecciГіn musical playlist,1
In my playlist Rock Gaming add Mariem Hassan con Leyoad,1
Add the singer Damon Johnson album to my African Heat playlists,1
Can you put consequences on my SOS 48 2016 playlist,1
will you add Pat Kirtley to my covered in punk playlist,1
Incorporate a roberto parra sandoval track into the Cena Elegante playlist. ,1
Can my electro sur have this song added to it?,1
add track to This Is ZezГ© Di Camargo & Luciano,1
For my playlist Post Garage Wave Revival add the name  Eternal Prisoner ,1
add picasso baby to Digster Reggae playlist,1
will you put this song onto Women of Electronic,1
I need to add a tune by Amanda Stern to the playlist cloud rap.,1
I want to put Paul Young onto all new all now.,1
add little pattie track in Nu Metal,1
add hopeful to my this is enrique iglesias,1
Add current track to hillary clinton's women's history month playlist,1
Add a KJ 52 track to the te quiero playlist. ,1
my feelin' good playlist needs some Mai Selim in it. ,1
Add anson hu to my conexiones list,1
add a track by Big Sha to my This Is Miranda Lambert playlist,1
add this artist to my 59th grammy awards,1
Add Frank Beard to my latin pop classics playlist. ,1
Add rmx works from cyber trance presents ayu trance 3 to judy's Sophisticated Dinner playlist,1
I want to add another album to the Scratchy Back Porch Blues playlist. ,1
add one and only to my once upon a time playlist,1
Add Sunday Express Live to workout playlist,1
Please add faccetta nera to my this is handel playlist,1
add new metal tracks in my tune,1
Add patti page album to i love my neo soul,1
add Annette Artani to the playlist titled all out 90s,1
add banking violence and the inner life today to my retro gaming playlist,1
put this tune on my your favorite coffeehouse playlist,1
add Metal Church to my playlist named Stress Relief,1
Add track to fresh finds,1
add album to this is trey songz playlist,1
add song to Daily Lift playlist,1
Add Without Your Love to my showstopper being mary jane list,1
Add this track to epic wall of sound,1
Put the Love Hurts track onto carmen's playlist.,1
Can you add a track by David Wolfenberger to janell's all funked up playlist,1
I want lance king in my list called One Love,1
add this album to my playlist titled underground hits,1
Can you add something by Gregori Chad Petree to the playlist digster soul classics,1
I want to add johnny burke to the Country Bound playlist,1
add The Game to 80'S PARTY,1
Add Maria Magdalena to my poetry in their own voices playlist,1
Add Baby Lemonade to poetry in their own voices,1
add Defined by Struggle to Chillin' on a Dirt Road to my playlist,1
move Josiah Leming to te quiero list,1
add this tune to my primavera sound 2016 barcelona,1
Incorporate Nao Kawakita into the epic classical playlist. ,1
Please add something by steve freund to my This Is Luis Fonsi playlist,1
Add bret mckenzie to my Pop Commute playlist,1
Add the name Shall We Dance to playlist Rock,1
add the artist P D Q Bach to the te quiero playlist,1
Can you add Honey Hush to hits of the 60s,1
Put some Stu Phillips in the women of acoustic playlist. ,1
Add women of metal to Odetta Holmes,1
add Revolution RevoluciГіn to my political punks,1
I'd like t add Day After Day to evangeline's Party of the Century playlist,1
add zion golan to my signed xoxo playlist,1
Add Ava Leigh to my Grime Instrumentals playlist,1
add Daedelus to my Lazy Chill Afternoon,1
Add the artist to my Duetos.,1
Add Julia Fordham to the Massive Soca Hits playlist. ,1
Add a track to my Alok House Party playlist,1
Add Blue Feather to the Nature Noise playlist,1
add KsiД™ga Urodzaju to abigail's ConcentraciГіn,1
Add big generator to my Country Icon playlist,1
add the album to the Six string peacefulness playlist,1
put this artist onto political punks.,1
Add this tune to my playlist Guest List Mashable,1
"put Claude VonStroke onto my This Is Earth, Wind & Fire",1
Add all together now to my playlist the road to punk rock ,1
I would like to put taylor dayne on the pop 4 kids list,1
Add tune to downtempo beats,1
add track to dance playlist,1
Add another tune to my Soft Rock  playlist. ,1
Can you put in person at carnegie hall on my winter playlist,1
Add Visible Wings to my playlist entre los andes,1
Add a tune to the Calm Vibes playlist.,1
Add Steve Jones to my chill list,1
stick Fonseca in the Songs to Sing in the Car playlist,1
I wish to put tom baxter onto my coffee table jazz playlist,1
Add Cary Brothers to rock the 2000's playlist,1
Put horace silver and the jazz messengers on my running to rock 170 to 190 bpm playlist,1
Add this song to my esenciales playlist,1
I want to add Up to the Mountain to my playlist with the title Women of Indie,1
Add Los Hombres Calientes Volume 3 New Congo Square to my descanso infinito playlist. ,1
Add Driven to Tears to the viral semanal playlist. ,1
Add The Private Collection onto my Cena Elegante playlist please.,1
add boyce and hart to Urban Hits playlist,1
Add an artist to my Hype list,1
add harry chapin in stress relief playlist,1
add this track by flesh n bone to cherry's SPA Treatment playlist ,1
Add All Bad to the summer of love playlist. ,1
add this album to the playlist Guest List Engadget,1
Add circus to my Post Garage Wave Revival list,1
this track should get added to Spain Top 50,1
Add Tony McGuinness to my playlist I Love My 90s Hip Hop,1
Put this track on Musica EspaГ±ola 2017,1
Add the album to my Wild Country playlist.,1
add Get Happy to cherry's Las Canciones MГЎs Lindas Del Mundo,1
add Halley to This Is Tchaikovsky ,1
Add this song to my the perfect italian dinner playlist,1
add this song to my CanciГіn del DГ­a playlist,1
add nico to my rock to work,1
Add the track to the comedy new releases playlist.,1
Include love love love in the Dinner Music playlist. ,1
Please add a track to my playlist called this is Coti,1
add the name covenant to the playlist Fusion Fest,1
add September to winter music,1
Add Grey Cloudy Lies to the hip hop playlist. ,1
add cliffs of dooneen in playlist Lo Que Suena Los Angeles,1
add willie nelson live to my Acoustic Blues playlsit,1
add this album to my Throwback Thursday playlist,1
add yang hyun seok to the playlist called night out,1
Add an album to my playlist bachata lovers,1
Add this album to my orgГЎnica playlist.,1
Add spirit touches ground to my leche con chocolate list,1
Add this tune to my 70s road trip list,1
I want to add the war is not over to geraldine's pop punk powerhouses playlist,1
"add Hello, My Lover, Goodbye to my Deathcore playlist",1
I need to add to the funk soul disco playlist my favorite artist,1
Add Sci-Fi Crimes to the fresh folk playlist,1
Add the artist verano to my michael mantler playlist. ,1
Add Unconscious State to my 90s Smash Hits,1
Add the yumi matsuzawa album to my sexy as folk playlist,1
Add Warning Device to my mac 'n cheese playlist.,1
add rob tyner to betsy's We Everywhere,1
add steve albini album to my psychedelic rock playlist,1
Add this tune to hipster soul,1
Add tune to Blues,1
Can you add something by Vikki Thorn to my lo mejor de los 80's playlist,1
Add So Far to my Retrovisor playlist. ,1
Add Venetian Snares onto the atmospheric calm playlist,1
Add Theater to my New Metal Tracks playlist,1
add Yoshiki to the 35 Soul Classics 1970 to 1975 playlist,1
add dan the automator to forever country,1
add tune to my mellow bars playlist,1
Include the past behind in my Top 100 Rock Tracks on Spotify playlist. ,1
Put gregory douglass in Halloween Teens please,1
put this tune by ross the boss onto naГ§ГЈo reggae,1
Add a tune to this is wagner,1
add lene lovich to my track radar latino,1
Add christopher lawrence to my Always Pop Punk playlist. ,1
add this tune to my weekend playlist,1
add this album by Karl Davydov to reyna's This Is Luis Fonsi playlist,1
Add geminism to power workout list,1
Add album to my Massive Soca Hits,1
I'd like for you to add Owen Biddle to my Old School Death Metal playlist.,1
add doing all right to string theory,1
Add Milas Poli to my Indie Bluegrass,1
add Lee Seung gi to my Baila Reggaeton playlist,1
Can you add john scofield newest tune the selektor  to the playlist,1
add this annabella lwin track to Indie Alternativa,1
Put another tune into my dancehall official playlist. ,1
add Paloma negra to my Funky Jams list,1
Please put the album onto fresh folk.,1
I want you to add must b 21 to acoustic covers the mash ups.,1
Add mc ren to my It's a Southern Thing playlist,1
add the tune to my viajes playlist,1
add track to my life's short; play fast playlist,1
Put Conway Twitty in the This Is Tchaikovsky playlist. ,1
add joshua radin to my playlist called Futuros Hits,1
Add Art Garfunkel to the Chill Tracks playlist. ,1
"Add bryan gregory to the playlist Emily Dickinson
",1
Add another song to my this is status quo playlist. ,1
add the album to my sleep playlist,1
add Run Rudolph Run to my rockin' playlist,1
Would you put hammer onto the lunch playlist?,1
Put something by Noah Wuv Bernardo on my Humor playlist,1
Find focus now list and add eylem to my playlist,1
add this Eric Weissberg song to my Dance Workout,1
add Rak biszewilo to my playlist named Jazz,1
put this tune on Guest List TaKe,1
Add Fear and Bullets to my Chill Tracks playlist. ,1
I'd like to put duett onto my hot country playlist.,1
Add r u still in 2 it to the under the surface playlist,1
add this song by George Melly to my 90's Baby Makers playlist,1
"Add sugarolly days to my list, your favorite slaughterhouse",1
Add this tune to my This Is Luis Fonsi playlist,1
Include in my dreams in the this is new edition playlist. ,1
Add future to This Is Al Green,1
add steve winwood to my playlist old school metal,1
Add another song to the acoustic soul playlist.,1
Add el pavo dustin to viajes,1
add The Muppet Show 2 to my party through the decades,1
add j p pickens to chill out playlist,1
add Monster Monster to my throwback thursday playlist,1
Add this track to the playlist kickass metal,1
add song to punk playlist,1
Add changes & things to hot 50 playlist,1
Add george baker to hiphop hot 50,1
Add this album ny bill callahan to my Mi Casa Es La Tuya Playlist Oficial list.,1
Add the artist LeAnn Rimes to the Women of Indie playlist. ,1
add sam sparro to my playlist called Beach Vibes,1
edit Aux Cord Privileges playlist by putting this tune on it,1
add Tim Ryan to my Grime Shutdown playlist,1
Can you put this tune onto erin's house afterwork playlist?,1
Can you make an addition to the Old Enough To Enjoy This playlist with Martin Barre?,1
Add artist to Latin Pop Hits,1
play used to love her to my this is animal collective playlist,1
Add Guy Warren to my bossa nova dinner playlist. ,1
Add arthur russell to my Women of Disco playlist. ,1
add Francesco De Gregori to my classical new releases spotify picks playlist,1
Play Suus to my the funny thing about football is playlist,1
Add outside the dream syndicate to millicent's fresh electronic playlist,1
Add this tune to the Duetos playlist,1
put playa fly onto my 2010 Decade playlist,1
add that was only yesterday the last ep to my Afternoon Train Ride playlist,1
I want to put this artist in Mellowed Out Gaming,1
Add a rachael price album to TODO EDM,1
Put Strange Days onto the Fusion Fest playlist.,1
add this track to my flamenco pa ti,1
add Philip Labonte to Women of R&B playlist,1
add Kisaki to Family Road Trip playlist,1
add Volver to my pop gaming playlist,1
put Ramy Ayach on Latin Pop Rising,1
Add the current artist to my sxsw latin,1
add tune to my country playlist,1
Put nothing remains the same on my summer music playlist,1
add flying to my Women of Rock playlist,1
I'd like to put RyЕЌ Yamazaki onto my sylvia plath playlist.,1
add sweets edison to relaxing playlist,1
Add ana carolina to chill,1
Add decade in the sun best of stereophonics to laundry.,1
add artist to my friendesemana playlist,1
