request,GetWeather
How's the weather in Munchique National Natural Park,1
Tell me the weather forecast for France,1
Will there be wind in Hornitos DC?,1
Is it warm here now?,1
"what is the forecast for Roulo for foggy conditions on February the eighteenth, 2018",1
I want to eat in Wallis and Futuna and get a blizzard,1
what is the forecast in 23 hours and seventeen seconds at this current spot,1
I need a table at a restaurant in Montserrat,1
"What is the weather forecast for one am. in West Athens, Benin",1
What will the weather be this Afternoon in Brilliant MI?,1
What is the weather not far from Upper Klamath National Wildlife Refuge?,1
Weather in Parc national de Nech Sar,1
What will the weather be in Battle Lake?,1
Will it be temperate in the current place?,1
What is the weather for eight o'clock in Laos that is within walking distance,1
Tell me if it will it be windy in Grizzled Squirrel Wildlife Sanctuary,1
Will it be windy here on Dec. 16th?,1
What is the weather forecast for Danvers,1
"Will it be freezing on Jul. 7, 2038 in Vananda Alaska?",1
What will the weather be in Sche-Phoksundo-Nationalpark on leif erikson day?,1
Is the weather chilly in Pintura,1
What's the weather in Nigeria?,1
What is the overcast forecast within the same area of Rio Grande Nature Center State Park for fifteen o'clock,1
Is it hot in the current location?,1
Tell me the weather for Oct. the 26th in Rosewood Heights.,1
"What is the SD forecast for oct. 6th, 2037 for hot weather at Belle Vernon",1
Is it rainy in Greely Center?,1
"I need the weather in Hubbardston, will it be chillier?",1
Will it be colder in Texas?,1
Tell me the weather forecast for close by my current location,1
what is the forecast for Uganda at Yom Ha'atzmaut for chilly weather close from ,1
"Will it be sunny on March 1, 2026 in Forty Fort?",1
I want to book a restaurant in 40 weeks in Iowa.,1
what is the forecast for NV for First Day Of Sukkot,1
What is the weather forecast for Agate Fossil Beds National Monument,1
Tell me if it is cold in Federated States Of Micronesia,1
I need the weather for 7/13/2036 in Gwynedd Valley,1
Is it cold here?,1
Will there be rain next year in New Hampshire?,1
What is the weather at 5 am on the Farallon Islands?,1
Will it be windy at 4 Pm in NY?,1
"Tell me the weather forecast for Roseburg, Iowa",1
Weather in Malaysia,1
Need weather for 1 pm in Russell Gardens or close-by,1
Will it be windy in John Day?,1
What's the weather like at Nationaal park BбєЎch MГЈ,1
Will it be hotter in Hungary on February the 16th?,1
What will the weather be at six o'clock in the Virgin Islands?,1
is the weather going to be hotter in RI in one year,1
What is the weather in Weidman will it be warm,1
How cold will it get in Tajikistan around oct. eleventh?,1
What is the weather forecast here,1
Will it be warmer near here on jan. the fifteenth?,1
"Tell me the weather forecast for eight A.m. in Reminderville, FL",1
will it be chilly at 0 pm in Guam,1
Is it chillier here,1
Is it hot in the current location?,1
is it cold in Vigus TN,1
need a table now somewhere nearby Petit Manan National Wildlife Refuge,1
What's the weather in Ransom Canyon?,1
what is the forecast for Orienta for hotter weather,1
"Will it be hotter neighboring ME on august eighteenth, 2025?",1
What's the forecast for Sweden at 9 a.m.,1
Will it be temperate in West Liberty MH?,1
Will it be freezing 4 hours from now in Tonga,1
Will it be colder in Tallgrass Prairie National Preserve?,1
"What will the weather be on the Keeling Islands on aug. third, 2037?",1
Will there be a snowstorm on september the first in Bechtelsville Georgia?,1
Tell me the weather forecast for Finland,1
Give me the forecast for San Pedro River Preserve,1
is it humid in Humboldt Bay National Wildlife Refuge,1
Tell me if it will hail in Kyrgyzstan,1
Will it be cold in Haiti?,1
What's the weather in Humarock?,1
Tell me the weather forecast for Fort Yargo State Park,1
I need the weather in ND in three hundred fifty one days ,1
Tell me the weather forecast within the same area of Pocomoke River State Park,1
is it going to be windy on 8/8/2032 in North Charleston MT,1
Will the weather be freezing in Tennessee?,1
humidity in Netawaka WI,1
What's the weather this week in distant Bartholomew's Cobble?,1
what is the foreast for Spain at East Glacier Park at one pm,1
is it cloudy in Turkmenistan,1
what is the forecast for chillier conditions at Calipuy National Reservation,1
Will it rain in Blissfield Namibia nine hours 1 minute and one second from now?,1
Is it going to be colder in Bonnie,1
"What is the weather forecast for Deaver, SC on May 10th",1
Want to eat somewhere cold in the neighboring Antlers region on aug. 22,1
"Is it colder in Istanbul, Turkey or Amarillo, Greece?
",1
Will it be warm on Pink Hill?,1
what is the forecast for Winnabow,1
When will there be wind this year in Racine,1
Will it be humid in Weippe DC?,1
I need a table in Uruguay in 213 days when it's chillier,1
What is the weather forecast for my current position,1
Will there be cloud a year from now in MN?,1
Will there be snowfall at the current location at 3 o'clock?,1
weather in Holly Recreation Area at eight P.m,1
What will the weather be here at 10:19?,1
What is the weather now and here?,1
Will the weather be hot in Netherlands Antilles?,1
When will WI be temperate?,1
What will the weather be here?,1
When will it be temperate in Lansford,1
What's the weather in Macedonia,1
Weather in 3 minutes at Jean Lafitte National Historical Park and Preserve,1
"Will it be cold in East McKeesport Norfolk Island on february the twenty-second, 2038?",1
Weather in Gibraltar at meal time,1
Tell me if it will be foggy in Maxwell,1
What is the forecast for in one minute here,1
Weather conditions in East Pasadena,1
"Will the weather be colder on jul. 21st, 2020 in HI in Gost Creek",1
"Weather in Grey Eagle on Feb. fifteenth, 2034",1
what is the weather in Cotton Valley,1
What is the weather forecast for Cistern,1
How's the weather in Nebraska,1
what is the forecast in Mankins for seven p.m for snow in New Caledonia,1
Will it be foggy in Dunedin ND?,1
What is the weather forecast for Cistern,1
Will it be chillier in Elko WI at 07:51 p.m.?,1
what is the forecast starting at six pm at Janes Island State Park,1
"Tell me if it will be humid in West Lafayette, OK",1
What's the weather in Poland?,1
What is the humidity at my current position,1
Will it be colder in the Apache-Sitgreaves National Forest at 6 Pm .,1
What kind of weather will be in VA 12 years from now?,1
Need weather close-by where I am in state of MS,1
"What will the weather be in East Tawakoni on november twenty-fourth, 2031?",1
Will it be hot at four in Louisiana?,1
Will it be hot in Lake Buena Vista Brunei?,1
Will it be warmer in MT?,1
Will it be cold in Maryland on april 21?,1
What is the weather forecast near United Kingdom,1
Is it chilly in Haiti,1
give me the forecast for next Tues. for Ree Heights,1
weather on september 14 in Crofton Ukraine,1
Will the weather be foggy in ND when I go to Dunedin,1
Will it be warmer at fourteen o'clock in Atlas Mongolia,1
"What will the weather be on April 9, 2037 in New Brunswick Botanical Garden?",1
What is the weather like in Peru in October,1
What's the weather far away in Estonia?,1
"What will the weather be in the current location on Feb. the twenty-eighth, 2026?",1
Will the weather be good at breakfast in Bay Harbor Islands,1
What weather will HI have will there be hail twenty one minutes from now,1
What will the weather be nearby in Delaware?,1
What will the weather be here at twelve P.m.?,1
"What is the forecast for Dec. 1st, 2036 in Keeneland",1
Will there be a blizzard this month in Uganda,1
"Will it be hot in West Union, Malaysia",1
What is the weather forecast for Sanborn,1
What's the snowfall in Malawi?,1
what is the forecast for Sweden in Westmoreland,1
"Will there be a snowstorm in Pomona, New Mexico?",1
what is the forecast starting three weeks from now for Point Isabel,1
When will there be a cloud in Australia?,1
Was there rainfall last mar. in Greenbrier Egypt?,1
what is the forecast starting next week in Guam,1
"Will it get chillier in Las Lomas, British Virgin Islands on Nov. the 21st?",1
Tell me the weather forecast in 1 hour for District Of Columbia in Kaysville,1
Tell me the weather forecast for here in seven years ,1
how's the weather in Northfield Center ME,1
Will the weather this week be warmer in Crystal River?,1
Weather at Norfolk Island,1
What will the weather be neighboring La Tigra National Park?,1
"Tell me the weather forecast for Ethridge, Maryland",1
what is the forecast starting in a week and a half in Faroe Islands for cloud weather,1
what is the forecast for Tennessee,1
"Will it be freezing in El Casco Czechia on Apr. fourteenth, 2033?",1
want to eat somewhere windy in NM,1
Weather in Witt october twenty-sixth,1
"Will it be snowy on february the 14th, 2021 in Port Armstrong?",1
Will there be rainfall in Ryland Heights New York?,1
what is the forecast for Lesotho,1
"Please check the weather forecast for Mauritania on August 14, 2040.",1
What will the weather be in Pipe Venezuela in 10 years ?,1
forecast for Guatemala,1
Will it be stormy in Old Fort Saint Lucia right now?,1
"Will the weather be sunny in Lovettsville on may the twenty-fourth, 2020?",1
What will the weather be in East Liberty MN?,1
what is the forecast for Cropsey for Aug. the 5th for warmer weather,1
what is the forecast within the same area of Zambia,1
What will the weather be in ID?,1
what is the forecast for freezing weather here,1
What's the weather in FL?,1
what is the forecast for Wyoming starting at 14,1
What's the weather next september in the current location?,1
Show me whether Iceland will be colder than it was last april,1
Please check the weather forecast around 05:54 in Macedonia.,1
"what's the weather going to be like in MI on august twenty-eighth, 2033",1
"What is the weather now in Grand Detour, UT",1
What is the forecast in KY for temperate weather,1
What was the weather last February in William A. Switzer Provincial Park?,1
Is it warm at the current location?,1
Will there be snow in North Abington,1
"Tell me the weather forecast for Conda, VT",1
Will it snow in Granbury?,1
Weather in twenty two seconds within walking distance of the city of Jackman will it be cold,1
When will it be warmer in Benin,1
forecast for Conrad,1
Will it be hotter in Cale?,1
Weather in Park Layne,1
"What is the weather forecast for California on august the 13th, 2019?",1
what is the forecast for temperate weather in 5 weeks at Daisy Lake Uplands Provincial Park,1
Will it be hot in 1 minute in Massachusetts,1
I want to book a restaurant in Neshanic Station Nigeria for 06:18:13 pm,1
Will it be windy in NM?,1
"Will it be colder in Gost Creek HI on jul. 21st, 2020",1
What is th weather going to be like mar. the twenty-third in the city of Value,1
Tell me when sunrise is in Tennessee,1
What is the weather like in Newton,1
how's the weather in Baywood,1
Is it going to be overcast today in Guyana,1
Will it be colder in Oaklawn Zambia?,1
What kind of weather will be in TN a week from now ?,1
Weather on Jul. 23 in Rhode Island,1
Will it be hotter at my current place at 02:22:32 pm,1
Is the weather chillier in Hubbardston,1
"Will it hail on July 20, 2027 in Ingalls, Malta",1
Will it be warm in Jenners Kansas?,1
What will the weather be in Rwanda?,1
What will the weather be in the Black Bayou Lake National Wildlife Refuge?,1
How will be the weather in U.S. Minor Outlying Islands on Jul. 17?,1
Will it be hotter on the Isle of Man at lunch?,1
how's the forecast for my current spot,1
Will there be wind in Anguilla?,1
"what is the forecast starting on september 1, 2039 for chillier conditions in AK",1
What will the weather be in a week  near Unionville Center?,1
"Tell me when it will blizzard in Estes Park, Utah",1
how is the overcast condition to start in one minute in Lower Marlboro in Montserrat,1
Give me the weather forecast for Svalbard and Jan Mayen,1
Tell me the weather forecast for HI,1
is Saint Robert hotter than Turkmenistan,1
What is the weather forecast for Midnight in DC?,1
weather close-by Lone Elk County Park at 4 am,1
what is the sunny condition outlook for Dundas Valley Conservation Area,1
Will it be freezing not far from the Currant Mountain Wilderness?,1
What is the weather forecast for Manassa?,1
what is the forecast for Douglas State Forest for snowy weather,1
What is the weather forecast for Koszta,1
What is the weather like in Wakarusa,1
will it be cloudy 241 days from now in South Korea,1
Will it be hot in the current place two hundred fourteen days from now?,1
"Starting in one minute, please give me a hourly update as to whether it is foggy in Hallsville, Wallis and Futuna",1
Tell me when Sunset is in New Jersey,1
What is the weather forecast for Laos,1
What's the weather in Almota?,1
Will there be wind in the District Of Columbia?,1
What will the weather be in the IГ±ao National Park and Integrated Management Natural Area?,1
What's the weather in the current place?,1
What is the weather forecast nearby here,1
I need the weather for Laos,1
Will it be warmer in Flag?,1
I need the weather close-by in MS,1
Will it be hot in the current place?,1
I need the weather for 7/13/2036 in Gwynedd Valley,1
What will the weather be a nine in Willow River State Park?,1
Will it be humid at the current location one minute from now?,1
Tell me if there will be sun in the afternoon in NH,1
"When will it be hotter this year in Lake Linden, Arizona",1
what is the forecast for California for rain,1
Weather at Bystrzyca Valley Landscape Park,1
Will it be sunny at three pm in my current position,1
Will it be cold here in one hour?,1
How's the forecast for VI,1
what is the forecast for here and for nearby,1
What will the weather be in Tontitown?,1
What is the weather now nearby Petit Manan National Wildlife Refuge?,1
What will the weather be in Deer River?,1
Please check the weather forecast near supper time here.,1
"Tell me when it will be temperate at Carl's Corner, in NV",1
What will the weather be in Carlock on nov. the 9th?,1
Tell me the weather forecast for 1 month from now in Wilkesboro,1
weather in Hillsview MA,1
What will the weather be three hours from now within walking distance of Okanogan National Forest?,1
"What is the cloud condition here for June fifteenth, 2026",1
"What will the weather be in Berville AK on Feb. 6, 2017?",1
Weather in Cairngorms-Nationalpark close from freezing,1
Will it be colder in Postelle at 10:31 a.m.?,1
How hot is it in Hackamore,1
is it freezing in Prompton,1
Weather at Navajo National Monument on fri.,1
Will it be chillier in Uruguay in 213 days?,1
Will there be a blizzard in Guadeloupe?,1
is it going ot be chillier in Maumee,1
I want to eat in Rowan Bay on a nice cloud less day,1
"What will the weather be here on January twenty-first, 2029?",1
What is the weather like in Wyatte,1
What will the humidity be here this week?,1
Will it still be warm nineteen hours from now in PA,1
is Morley Nelson Snake River Birds of Prey National Conservation Area going to be cold 1 second from now,1
What will the weather be in 3 years  in Eros NC?,1
Will it be snowy at 04:43 a.m. in North Carolina,1
what is the forecast for Gambier,1
What kind of temperate will be in Slade?,1
what is the forecast for Sea Isle City in Louisiana for warmer weather,1
Tell me the weather forecast for Island Mountain,1
Will it be cold neighboring Antlers on aug. 22?,1
Will the weather be foggy in Vatican West Carson in 1 hour and one minute?,1
What's the weather in New Zealand?,1
What will the weather be in Montserrat?,1
