request,SearchCreativeWork
Please help me find the Bloom: Remix Album song.,1
Find me the soundtrack called Enter the Chicken,1
Can you please search Ellington at Newport?,1
Please find me the Youth Against Fascism television show.,1
Find me the book called Suffer,1
Please search for The Legend of Korra book.,1
Can you help me search the Two Row Times show?,1
"Can you search the work, Curiosity Quest?",1
Look for a picture of Masters of the Universe: The Super Adventure,1
Find me the saga Air Cavalry,1
"Can you help me locate the game, Coast?",1
Please look up for Disney Universe.,1
Find the song Shomoyer Kotha,1
Find me the picture Live in Paris 1975,1
I'm looking for the Formula One Championship Edition album,1
Please search the Abby saga.,1
Need to find a creative work with the title Sometimes the Blues Is Just a Passing Bird,1
Can you search Miracle in the Rain?,1
Please help me search The Banker television show.,1
Looking for the album by the New Zealand Local Government,1
search for a photograph of Road Hogs,1
Can you help me find The Patrician?,1
"Can you please locate the movie, Healthy?",1
"Could you locate the work, All the Times I Cried?",1
Find the show ActivePerl,1
Please look up the Jenny of the Prairie television show.,1
Please locate Sad Love Story novel for me.,1
Look for a photograph of Tailwind,1
Please look up the Atheist Manifesto: The Case Against Christianity album.,1
"Can you help me find the work, The Sperm?",1
Find the novel Peace Arch News,1
Can you locate The Crucible of Man: Something Wicked Part 2 novel?,1
"Can you find me the game, The Hits?",1
Please search and get me The East Is Red saga.,1
Please get me the Critical Condition show.,1
Can you get me The Only Hope for Me Is You game?,1
Find The Right Fight,1
Find the game Just Dance Greatest Hits,1
Please help me find the Comet photograph.,1
Acreative work with the title At the Cafe Bohemia,1
Find me a movie with the name Oshin,1
Find the album titled Spasmolytic,1
Please find me the Home at Last trailer.,1
"Please get me the work, All Killer.",1
Find me the creative work called Guilt by Association Vol. 2,1
Please search the Songs for the Deaf video game.,1
"Can you locate the work, Warlock 2: The Exiled?",1
Can you find me the trailer of the Hippocratic Oath?,1
Looking for the television show called American Dream,1
Can you find My Island Home TV series?,1
"can you find Leadership in my library, please?",1
Please search for the Transformers: Beast Machines trailer.,1
Please search for the Live in San Juan Capistrano picture.,1
Need the book called ANAK,1
Looking for the video game called Spartacus: Gods of the Arena,1
"Can you find me the work titled, A Little Curious?",1
Find the book A Glorious Way to Die,1
Find me the television show MythBusters,1
"Please search for the work, Wholehearted.",1
Find the video game High Hopes & Heartbreak,1
"Can you find me the work, Wild Things: Diamonds in the Rough?",1
Can you find me the Naked City вЂ“ Justice with a Bullet album?,1
Please search for the Thrilling Cities photograph.,1
Please find me the Dante's Peak painting.,1
Please fine me Worms Clan Wars.,1
Can you get me the Cracking Contraptions picture?,1
Please look up the painting Beyond Iconic: Photographer Dennis Stock.,1
Find a photograph of Adventure Time: The Secret of the Nameless Kingdom,1
Look for a painting of Amusement Parks U.S.A.,1
Can you find me the SchoolTool picture?,1
Search for the trailer of The Falls,1
"Please find me the work, The Burning World.",1
Please get me the Before Crisis: Final Fantasy VII television show.,1
Need to find the picture titled The Days of Mars,1
"Can you find me the work, Frisbee: The Life and Death of a Hippie Preacher?",1
can you get me the television show called Start It Up?,1
Need find the book called Hollywood Connection,1
Can you please find The Notebook of Trigorin game?,1
Please search for All the Lovers trailer.,1
Please look up the TV series Giant Killer Shark: The Musical.,1
"Please look up the movie, Fresh Gear.",1
Can you search the picture titled The Accounting?,1
Please help me find the Selections from the Arista Years video game.,1
I am looking for the creative work Rats: Night of Terror,1
Please find me the Rounin photograph.,1
Please search The Big Game show.,1
Please find me the Earth 2150: Lost Souls game?,1
Search for To Heart 2,1
Can you get me the Snowman's Land movie?,1
Find me the Plastic trailer.,1
Can you find me The Real McCoy novel?,1
Looking for the saga called The Scofflaw,1
Please look up The Lamentable Journey of Omaha Bigelow into the Impenetrable Loisaida Jungle television show.,1
"Please look up the show, The Society for the Study of the Multi-Ethnic Literature of the United States.",1
Get me Kiss the Crystal Flake,1
Please search The Young Warriors game.,1
Find me the TV show We Lived for Estonia,1
Wish to fins a television show called Whole Again,1
Please get me the Welcome to the Rileys game.,1
"Please fine me, Ties That Bind.",1
Can you get me the All Night Long 3: The Final Chapter novel?,1
Wish to find the show called Hunters of the Dusk,1
Please find me the Irish Pictorial Weekly trailer.,1
"Help me find the television show, My Choice.",1
Can you get me The Education of Little Tree song?,1
Can you please find me the Wispolitics.com game?,1
search for a painting of The Wannadies,1
Can you find me The Assassination of Jesse James by the Coward Robert Ford saga?,1
Look for All That Matters,1
Find me the soundtrack The Remote Viewer,1
Please search the TV show Chelsea Girl.,1
"I need Top Gear 2, please search it for me.",1
Please help me search the TV series A Mouse Divided.,1
Find a picture of Music Hole,1
I'm looking for the trailer of Highlands Today,1
Find the movie Poison Ivy: The New Seduction,1
is there a program about The Last Flight?,1
Please find me The Purple Vigilantes book.,1
Find a photograph of Crayon Shin-chan: The Storm Called: The Battle of the Warring States,1
"Can you find me the game, King of Raop?",1
Search for Infantry,1
Look for the movie Darkness Come Alive,1
Can you find me the movie The Countess?,1
"Please find me the work, Instrumental Directions.",1
Can you find me the Dicey Business TV series?,1
Find the painting The Acoustic Album,1
"Look up the picture, Colour of Love.",1
Can you search Never Turn Your Back on a Friend show?,1
"Can you find me the movie, The Girl and the General?",1
Need the saga called the Black Lamp,1
Can you help me search the album titled PlayMaker Football?,1
Search for the soundtrack of Today with Kris Aquino,1
"Please look up for the work, Black Box.",1
Please find me the Platinum Box II song?,1
Find the TV series Joy Of A Toy,1
Can you get me The Border Patrol song?,1
Find a picture of A Breed Apart,1
Please search The Best of Steely Dan: Then and Now saga.,1
Looking for the movie called Crossbones,1
Find the album Future of the Past,1
Help me search UFC on Fox show.,1
Wish to find a novel called African Holocaust,1
Find the album The Desert Sun,1
Find me the creative work The Pickwick Papers,1
Please search Thirayum Theeravum video game.,1
Please search for the Drop-In song.,1
Find the album Blood of Emeralds вЂ“ The Very Best of Gary Moore Part 2,1
Can you help me find the We No Who U R game?,1
can you get me the trailer of The Multiversity?,1
"Can you find me work, Stairway to Heaven?",1
Please look up The Lakes of Canada album.,1
"Can you please find me the work, The Holy Man?",1
Can you find me the Hectic game?,1
"Can you get me the painting, Chicken Noodles?",1
Please search for the Two Faces of My Girlfriend saga.,1
Please search for Sealed with a Kiss movie.,1
Please get me Stories from the English and Scottish Ballads show.,1
Please find the Infrared Riding Hood TV show.,1
Please search the Karobar Economic Daily picture.,1
"Please look up the song, Twist of shadows.",1
Please get me The Paper Chase TV show.,1
Find me the book with the title of The Rainwater LP,1
Please find me the Rear Mirror saga.,1
Need to find the TV series called Administrative Behavior,1
Please search A New Machine TV series.,1
Look for the game Whitehorse,1
"Please find me the work, The Wizard of Stone Mountain.",1
Please search the Ironbound picture.,1
Please get me the They Came to Rob Hong Kong photograph.,1
Need to see the TV show Brotherly Love,1
Can you please find me the TV series titled The Second Deadly Sin?,1
Please look up the Around the World in Eighty Days movie.,1
Is there a creative work with the title The Lonesome Death of Buck McCoy,1
Please find me the Project Gotham Racing 2 TV series.,1
"Can you find me the novel, Literacy?",1
"Please search the work, The Mercenary.",1
Find the television show My First Holly Golightly Album,1
Please get me Rough and Ready saga.,1
Find the Trance Visionary saga,1
Look for the novel Behind closed doors,1
Looking for a creative work called The Cowra Breakout,1
"Help me search the work, American Hot Wax.",1
Look for a photograph of I Wanna Sex You Up,1
Wish to find the work The Immortals that is a show,1
Please find me Chance Pe Dance.,1
Can you find me the Restless Natives?,1
Please look up for the work titled We Own The Night.,1
I need to find the novel called Toxic Waste,1
Looking for the TV show called Neon Nights,1
Find me The Rise and Fall of the Great Lakes saga.,1
Find me the movie with the title of Twitches,1
Can you please find the Jack Johnson En Concert picture?,1
Please find me the book Step Into My Groove.,1
Please help me find the Short Program saga.,1
Can you search City of Scars?,1
Can you please find me D.R.E.A.M.?,1
Looking for the creative work with the name of With or Without Your Help,1
Find the video game Out of My Head,1
Find the movie Girl on the Trapeze,1
"Please find me the work, Earth Intruders.",1
Look for the show Card Hunter,1
Can you get me the Growing Artichokes in Mimongo movie?,1
Can you find me the Shockwave picture?,1
Can you find me the Stand Proud book?,1
Can you find me the Back When I Knew It All album?,1
Find me the novel called Ressha Sentai ToQger,1
"Please find me the work, Ace of Spades.",1
Can you search the photograph titled A Monetary History of the United States ,1
Please look up the Beauty on the Fire show.,1
look for the creative work The Testament of Gideon Mack,1
Can you search for Twilight Is Gone?,1
Look for the movie Songs in the Key of You,1
Please look up Tammy and the T-Rex work.,1
Please look up the Falls Church News-Press album.,1
Can you get me the Club Nation game?,1
Please find me the Scud: The Disposable Assassin painting.,1
Want to find a creative work called The Prayer,1
"Please look up the photograph, The New People.",1
Please search the song Poomadhathe Pennu.,1
Want a work called Walk the River,1
Looking for the photograph the Crimson Climax,1
Find me a video game called Dating in the Dark Australia,1
Please search for the When the Lovelight Starts Shining Through His Eyes TV series.,1
"Can you please find me the work, Goodbye?",1
Find the album Encheiridion,1
Please search TV series The Movies.,1
I am looking for any creative work with the title of Journal of Pharmacy and Pharmacology,1
Can you find me the Children of Jerusalem: Yehuda movie?,1
Looking for a song with the title of Hollywood Star Playhouse,1
Look for the novel Rings of Steel,1
Find the album Follow That Camel,1
Find me the show with the name of For Hope,1
Please find me the Magic Hour saga.,1
Can you find me the painting titled Across the Line?,1
"Can you find me the work, An InCONvenient Truth?",1
Please search the Irv Gotti Presents: The Murderers picture.,1
Please find me the Hat Trick novel.,1
look for the television show The Tibetan Book of Living and Dying,1
Find My Only Wish in some form of creative work,1
Find the creative work Brilliant! Tragic!,1
do you know if there is a TV series of Glinda of Oz?,1
look for the creative work Meltdown вЂ“ Days of Destruction,1
Please find me Happy Birthday BBC Two.,1
Looking for the TV show the Tin Toy,1
"Please look up the painting, Modern times.",1
Please get me the British Journal of Dermatology game.,1
Look for the trailer of Guitar Heaven: Santana Performs the Greatest Guitar Classics of All Time,1
Can you please find me The Biggest Loser Brunei: The Spirit of Life photograph?,1
Would like to find the trailer for An Experiment with Time,1
Please help me find the video game John Michael Montgomery discography.,1
Wish to read the novel called The Wizard of Stone Mountain,1
Can you help me find the Author! Author! trailer?,1
Find a show called The Inheritors,1
Want to find a photograph called The Nine Maidens,1
Please find me The Hanging Valley movie.,1
Need a creative work with the title Unholy Confessions,1
Please get me the Just the Hits 2 TV show.,1
Can you look up the Bireswar album?,1
Please search for Columbia Records 1958вЂ“1986.,1
"Can you please find me, Journals?",1
Can you get me the Maldeamores saga?,1
"Can you please look up the game, The Islanders?",1
Please find the Packed to the Rafters work.,1
Please find me Glass Cloud вЂ“ Single.,1
Search The Olympic Champ book.,1
Please get me The National Medical Journal of India game.,1
Search for the video game The Book of Heroic Failures,1
Looking for the trailer for Shaolin Temple,1
Please look up the Cultural depictions of Matthew Shepard TV series.,1
Can you help me find Preaching to the Perverted?,1
Please look up the Out There picture.,1
Please get me Edgemont soundtrack.,1
Can you please find me Season of Glass?,1
Looking for the crative work called In my memory,1
Search for a picture of Darker than black,1
Find the TV series Right here right now,1
Wish to fins a painting by Ju-On: The Beginning of the End,1
Can you find me The Source Family novel?,1
Please search for the painting Live at the Tokyo Dome.,1
"Can you find me the work, Chet Baker with Fifty Italian Strings?",1
Need to find the soundtrack called Fire in the Valley,1
"Please look up the book, The Wacken Carnage.",1
Please get me the Armageddon March Eternal вЂ“ Symphonies of Slit Wrists trailer.,1
Find me the East Asia Image Collection movie.,1
get me House of Stairs,1
Please search for Willy and the Poor Boys song.,1
Can you find me the WWE Legends of Wrestling book?,1
"Can you look up the TV show, The Great Rock 'n' Roll Swindle?",1
Please look up the Utility Directory album.,1
Please search for the Puppet on a String video game.,1
Find the Youth Against Christ saga,1
Please search for the Lost My Way trailer.,1
"Please look up the television show, Noel Hill & Tony Linnane.",1
Please search The World of Music painting.,1
Can you look up The Lateness of the Hour photograph?,1
Find the Mystery Woman saga,1
Can you search the Armed America: Portraits of Gun Owners in Their Homes television show?,1
Please get me the Follow Me video game.,1
Please look up the show Statue of James Outram.,1
Can you find me the I Am Very Far TV series?,1
